<?xml version="1.0" encoding="UTF-8"?>
<notHeldOrderHandlingCustomerReport xmlns:xsi="http://www.w3.org/2001/XMLSchema-instance" xsi:noNamespaceSchemaLocation="oh-20191231.xsd">
  <version>1.3</version>
  <customer>ACME</customer>
  <bd>ACME</bd>
  <timestamp>2021-01-27T19:13:23Z</timestamp>
  <startDate>2020-11-01</startDate>
  <endDate>2020-12-31</endDate>
  <hDirected>
    <hMonthly>
      <year>2020</year>
      <mon>11</mon>
      <sentShr></sentShr>
      <executedAsPrincipalShr></executedAsPrincipalShr>
      <ioiExposedOrd></ioiExposedOrd>
      <ioiExposedVenueList>
      </ioiExposedVenueList>
      <routingVenueList>
      </routingVenueList>
    </hMonthly>
    <hMonthly>
      <year>2020</year>
      <mon>12</mon>
      <sentShr></sentShr>
      <executedAsPrincipalShr></executedAsPrincipalShr>
      <ioiExposedOrd></ioiExposedOrd>
      <ioiExposedVenueList>
      </ioiExposedVenueList>
      <routingVenueList>
      </routingVenueList>
    </hMonthly>
  </hDirected>
  <hNondirected>
    <hMonthly>
      <year>2020</year>
      <mon>11</mon>
      <sentShr>0</sentShr>
      <executedAsPrincipalShr>0</executedAsPrincipalShr>
      <ioiExposedOrd>0</ioiExposedOrd>
      <ioiExposedVenueList>
      </ioiExposedVenueList>
      <routingVenueList>
        <iVenue>
          <venueName>ACME</venueName>
          <services>EV/SRV</services>
          <mic>ACME</mic>
          <routedShr>0</routedShr>
          <iocRoutedShr>0</iocRoutedShr>
          <furtherRoutableShr>0</furtherRoutableShr>
          <orderSizeShr>0</orderSizeShr>
          <executedShr>0</executedShr>
          <filledPct>0.00</filledPct>
          <fillSizeShr>0</fillSizeShr>
          <netFeeOrRebateCph>0.0000</netFeeOrRebateCph>
          <midpointShr>0</midpointShr>
          <midpointPct>0.00</midpointPct>
          <nearsideShr>0</nearsideShr>
          <nearsidePct>0.00</nearsidePct>
          <farsideShr>0</farsideShr>
          <farsidePct>0.00</farsidePct>
          <providedLiqudityShr>0</providedLiqudityShr>
          <providedLiquidityPct>0.00</providedLiquidityPct>
          <orderDurationMsec>0</orderDurationMsec>
          <providedLiquidityNetCph></providedLiquidityNetCph>
          <removedLiquidityShr>0</removedLiquidityShr>
          <removedLiquidityPct>0.00</removedLiquidityPct>
          <removedLiquidityNetCph>0.0000</removedLiquidityNetCph>
        </iVenue>
        <iVenue>
          <venueName>ACME</venueName>
          <services>EV/SRV</services>
          <mic>ACME</mic>
          <routedShr>0</routedShr>
          <iocRoutedShr>0</iocRoutedShr>
          <furtherRoutableShr>0</furtherRoutableShr>
          <orderSizeShr>0</orderSizeShr>
          <executedShr>0</executedShr>
          <filledPct>0.00</filledPct>
          <fillSizeShr>0</fillSizeShr>
          <netFeeOrRebateCph>0.0000</netFeeOrRebateCph>
          <midpointShr>0</midpointShr>
          <midpointPct>0.00</midpointPct>
          <nearsideShr>0</nearsideShr>
          <nearsidePct>0.00</nearsidePct>
          <farsideShr>0</farsideShr>
          <farsidePct>0.00</farsidePct>
          <providedLiqudityShr>0</providedLiqudityShr>
          <providedLiquidityPct>0.00</providedLiquidityPct>
          <orderDurationMsec>0</orderDurationMsec>
          <providedLiquidityNetCph></providedLiquidityNetCph>
          <removedLiquidityShr>0</removedLiquidityShr>
          <removedLiquidityPct>0.00</removedLiquidityPct>
          <removedLiquidityNetCph>0.0000</removedLiquidityNetCph>
        </iVenue>
        <iVenue>
          <venueName>ACME</venueName>
          <services>EV/SRV</services>
          <mic>ACME</mic>
          <routedShr>0</routedShr>
          <iocRoutedShr>0</iocRoutedShr>
          <furtherRoutableShr>0</furtherRoutableShr>
          <orderSizeShr>0</orderSizeShr>
          <executedShr>0</executedShr>
          <filledPct>0.00</filledPct>
          <fillSizeShr>0</fillSizeShr>
          <netFeeOrRebateCph>0.0000</netFeeOrRebateCph>
          <midpointShr>0</midpointShr>
          <midpointPct>0.00</midpointPct>
          <nearsideShr>0</nearsideShr>
          <nearsidePct>0.00</nearsidePct>
          <farsideShr>0</farsideShr>
          <farsidePct>0.00</farsidePct>
          <providedLiqudityShr>0</providedLiqudityShr>
          <providedLiquidityPct>0.00</providedLiquidityPct>
          <orderDurationMsec>0</orderDurationMsec>
          <providedLiquidityNetCph></providedLiquidityNetCph>
          <removedLiquidityShr>0</removedLiquidityShr>
          <removedLiquidityPct>0.00</removedLiquidityPct>
          <removedLiquidityNetCph>0.0000</removedLiquidityNetCph>
        </iVenue>
        <iVenue>
          <venueName>ACME</venueName>
          <services>EV/SRV</services>
          <mic>ACME</mic>
          <routedShr>0</routedShr>
          <iocRoutedShr>0</iocRoutedShr>
          <furtherRoutableShr>0</furtherRoutableShr>
          <orderSizeShr>0</orderSizeShr>
          <executedShr>0</executedShr>
          <filledPct>0.00</filledPct>
          <fillSizeShr>0</fillSizeShr>
          <netFeeOrRebateCph>0.0000</netFeeOrRebateCph>
          <midpointShr>0</midpointShr>
          <midpointPct>0.00</midpointPct>
          <nearsideShr>0</nearsideShr>
          <nearsidePct>0.00</nearsidePct>
          <farsideShr>0</farsideShr>
          <farsidePct>0.00</farsidePct>
          <providedLiqudityShr>0</providedLiqudityShr>
          <providedLiquidityPct>0.00</providedLiquidityPct>
          <orderDurationMsec></orderDurationMsec>
          <providedLiquidityNetCph></providedLiquidityNetCph>
          <removedLiquidityShr>0</removedLiquidityShr>
          <removedLiquidityPct>0.00</removedLiquidityPct>
          <removedLiquidityNetCph></removedLiquidityNetCph>
        </iVenue>
        <iVenue>
          <venueName>ACME</venueName>
          <services>EV/SRV</services>
          <mic>ACME</mic>
          <routedShr>0</routedShr>
          <iocRoutedShr>0</iocRoutedShr>
          <furtherRoutableShr>0</furtherRoutableShr>
          <orderSizeShr>0</orderSizeShr>
          <executedShr>0</executedShr>
          <filledPct>0.00</filledPct>
          <fillSizeShr>0</fillSizeShr>
          <netFeeOrRebateCph>0.0000</netFeeOrRebateCph>
          <midpointShr>0</midpointShr>
          <midpointPct>0.00</midpointPct>
          <nearsideShr>0</nearsideShr>
          <nearsidePct>0.00</nearsidePct>
          <farsideShr>0</farsideShr>
          <farsidePct>0.00</farsidePct>
          <providedLiqudityShr>0</providedLiqudityShr>
          <providedLiquidityPct>0.00</providedLiquidityPct>
          <orderDurationMsec>0</orderDurationMsec>
          <providedLiquidityNetCph>0.0000</providedLiquidityNetCph>
          <removedLiquidityShr>0</removedLiquidityShr>
          <removedLiquidityPct>0.00</removedLiquidityPct>
          <removedLiquidityNetCph>0.0000</removedLiquidityNetCph>
        </iVenue>
        <iVenue>
          <venueName>ACME</venueName>
          <services>EV/SRV</services>
          <mic>ACME</mic>
          <routedShr>0</routedShr>
          <iocRoutedShr>0</iocRoutedShr>
          <furtherRoutableShr>0</furtherRoutableShr>
          <orderSizeShr>0</orderSizeShr>
          <executedShr>0</executedShr>
          <filledPct>0.00</filledPct>
          <fillSizeShr>0</fillSizeShr>
          <netFeeOrRebateCph>0.0000</netFeeOrRebateCph>
          <midpointShr>0</midpointShr>
          <midpointPct>0.00</midpointPct>
          <nearsideShr>0</nearsideShr>
          <nearsidePct>0.00</nearsidePct>
          <farsideShr>0</farsideShr>
          <farsidePct>0.00</farsidePct>
          <providedLiqudityShr>0</providedLiqudityShr>
          <providedLiquidityPct>0.00</providedLiquidityPct>
          <orderDurationMsec>0</orderDurationMsec>
          <providedLiquidityNetCph></providedLiquidityNetCph>
          <removedLiquidityShr>0</removedLiquidityShr>
          <removedLiquidityPct>0.00</removedLiquidityPct>
          <removedLiquidityNetCph>0.0000</removedLiquidityNetCph>
        </iVenue>
        <iVenue>
          <venueName>ACME</venueName>
          <services>EV/SRV</services>
          <mic>ACME</mic>
          <routedShr>0</routedShr>
          <iocRoutedShr>0</iocRoutedShr>
          <furtherRoutableShr>0</furtherRoutableShr>
          <orderSizeShr>0</orderSizeShr>
          <executedShr>0</executedShr>
          <filledPct>0.00</filledPct>
          <fillSizeShr>0</fillSizeShr>
          <netFeeOrRebateCph>0.0000</netFeeOrRebateCph>
          <midpointShr>0</midpointShr>
          <midpointPct>0.00</midpointPct>
          <nearsideShr>0</nearsideShr>
          <nearsidePct>0.00</nearsidePct>
          <farsideShr>0</farsideShr>
          <farsidePct>0.00</farsidePct>
          <providedLiqudityShr>0</providedLiqudityShr>
          <providedLiquidityPct>0.00</providedLiquidityPct>
          <orderDurationMsec>0</orderDurationMsec>
          <providedLiquidityNetCph>0.0000</providedLiquidityNetCph>
          <removedLiquidityShr>0</removedLiquidityShr>
          <removedLiquidityPct>0.00</removedLiquidityPct>
          <removedLiquidityNetCph>0.0000</removedLiquidityNetCph>
        </iVenue>
        <iVenue>
          <venueName>ACME</venueName>
          <services>EV/SRV</services>
          <mic>ACME</mic>
          <routedShr>0</routedShr>
          <iocRoutedShr>0</iocRoutedShr>
          <furtherRoutableShr>0</furtherRoutableShr>
          <orderSizeShr>0</orderSizeShr>
          <executedShr>0</executedShr>
          <filledPct>0.00</filledPct>
          <fillSizeShr>0</fillSizeShr>
          <netFeeOrRebateCph>0.0000</netFeeOrRebateCph>
          <midpointShr>0</midpointShr>
          <midpointPct>0.00</midpointPct>
          <nearsideShr>0</nearsideShr>
          <nearsidePct>0.00</nearsidePct>
          <farsideShr>0</farsideShr>
          <farsidePct>0.00</farsidePct>
          <providedLiqudityShr>0</providedLiqudityShr>
          <providedLiquidityPct>0.00</providedLiquidityPct>
          <orderDurationMsec>0</orderDurationMsec>
          <providedLiquidityNetCph></providedLiquidityNetCph>
          <removedLiquidityShr>0</removedLiquidityShr>
          <removedLiquidityPct>0.00</removedLiquidityPct>
          <removedLiquidityNetCph></removedLiquidityNetCph>
        </iVenue>
        <iVenue>
          <venueName>ACME</venueName>
          <services>PRV</services>
          <mic>ACME</mic>
          <routedShr>0</routedShr>
          <iocRoutedShr>0</iocRoutedShr>
          <furtherRoutableShr>0</furtherRoutableShr>
          <orderSizeShr>0</orderSizeShr>
          <executedShr></executedShr>
          <filledPct></filledPct>
          <fillSizeShr></fillSizeShr>
          <netFeeOrRebateCph>0.0000</netFeeOrRebateCph>
          <midpointShr></midpointShr>
          <midpointPct></midpointPct>
          <nearsideShr></nearsideShr>
          <nearsidePct></nearsidePct>
          <farsideShr></farsideShr>
          <farsidePct></farsidePct>
          <providedLiqudityShr></providedLiqudityShr>
          <providedLiquidityPct></providedLiquidityPct>
          <orderDurationMsec></orderDurationMsec>
          <providedLiquidityNetCph></providedLiquidityNetCph>
          <removedLiquidityShr></removedLiquidityShr>
          <removedLiquidityPct></removedLiquidityPct>
          <removedLiquidityNetCph></removedLiquidityNetCph>
        </iVenue>
        <iVenue>
          <venueName>ACME</venueName>
          <services>EV/SRV</services>
          <mic>ACME</mic>
          <routedShr>0</routedShr>
          <iocRoutedShr>0</iocRoutedShr>
          <furtherRoutableShr>0</furtherRoutableShr>
          <orderSizeShr>0</orderSizeShr>
          <executedShr>0</executedShr>
          <filledPct>0.00</filledPct>
          <fillSizeShr>0</fillSizeShr>
          <netFeeOrRebateCph>0.0000</netFeeOrRebateCph>
          <midpointShr>0</midpointShr>
          <midpointPct>0.00</midpointPct>
          <nearsideShr>0</nearsideShr>
          <nearsidePct>0.00</nearsidePct>
          <farsideShr>0</farsideShr>
          <farsidePct>0.00</farsidePct>
          <providedLiqudityShr>0</providedLiqudityShr>
          <providedLiquidityPct>0.00</providedLiquidityPct>
          <orderDurationMsec></orderDurationMsec>
          <providedLiquidityNetCph></providedLiquidityNetCph>
          <removedLiquidityShr>0</removedLiquidityShr>
          <removedLiquidityPct>0.00</removedLiquidityPct>
          <removedLiquidityNetCph></removedLiquidityNetCph>
        </iVenue>
        <iVenue>
          <venueName>ACME</venueName>
          <services>EV/SRV</services>
          <mic>ACME</mic>
          <routedShr>0</routedShr>
          <iocRoutedShr>0</iocRoutedShr>
          <furtherRoutableShr>0</furtherRoutableShr>
          <orderSizeShr>0</orderSizeShr>
          <executedShr>0</executedShr>
          <filledPct>0.00</filledPct>
          <fillSizeShr>0</fillSizeShr>
          <netFeeOrRebateCph>0.0000</netFeeOrRebateCph>
          <midpointShr>0</midpointShr>
          <midpointPct>0.00</midpointPct>
          <nearsideShr>0</nearsideShr>
          <nearsidePct>0.00</nearsidePct>
          <farsideShr>0</farsideShr>
          <farsidePct>0.00</farsidePct>
          <providedLiqudityShr>0</providedLiqudityShr>
          <providedLiquidityPct>0.00</providedLiquidityPct>
          <orderDurationMsec>0</orderDurationMsec>
          <providedLiquidityNetCph></providedLiquidityNetCph>
          <removedLiquidityShr>0</removedLiquidityShr>
          <removedLiquidityPct>0.00</removedLiquidityPct>
          <removedLiquidityNetCph>0.0000</removedLiquidityNetCph>
        </iVenue>
        <iVenue>
          <venueName>ACME</venueName>
          <services>PRV</services>
          <mic>ACME</mic>
          <routedShr>0</routedShr>
          <iocRoutedShr>0</iocRoutedShr>
          <furtherRoutableShr>0</furtherRoutableShr>
          <orderSizeShr>0</orderSizeShr>
          <executedShr></executedShr>
          <filledPct></filledPct>
          <fillSizeShr></fillSizeShr>
          <netFeeOrRebateCph>0.0000</netFeeOrRebateCph>
          <midpointShr></midpointShr>
          <midpointPct></midpointPct>
          <nearsideShr></nearsideShr>
          <nearsidePct></nearsidePct>
          <farsideShr></farsideShr>
          <farsidePct></farsidePct>
          <providedLiqudityShr></providedLiqudityShr>
          <providedLiquidityPct></providedLiquidityPct>
          <orderDurationMsec></orderDurationMsec>
          <providedLiquidityNetCph></providedLiquidityNetCph>
          <removedLiquidityShr></removedLiquidityShr>
          <removedLiquidityPct></removedLiquidityPct>
          <removedLiquidityNetCph></removedLiquidityNetCph>
        </iVenue>
        <iVenue>
          <venueName>ACME</venueName>
          <services>EV/SRV</services>
          <mic>ACME</mic>
          <routedShr>0</routedShr>
          <iocRoutedShr>0</iocRoutedShr>
          <furtherRoutableShr>0</furtherRoutableShr>
          <orderSizeShr>0</orderSizeShr>
          <executedShr>0</executedShr>
          <filledPct>0.00</filledPct>
          <fillSizeShr>0</fillSizeShr>
          <netFeeOrRebateCph>0.0000</netFeeOrRebateCph>
          <midpointShr>0</midpointShr>
          <midpointPct>0.00</midpointPct>
          <nearsideShr>0</nearsideShr>
          <nearsidePct>0.00</nearsidePct>
          <farsideShr>0</farsideShr>
          <farsidePct>0.00</farsidePct>
          <providedLiqudityShr>0</providedLiqudityShr>
          <providedLiquidityPct>0.00</providedLiquidityPct>
          <orderDurationMsec>0</orderDurationMsec>
          <providedLiquidityNetCph></providedLiquidityNetCph>
          <removedLiquidityShr>0</removedLiquidityShr>
          <removedLiquidityPct>0.00</removedLiquidityPct>
          <removedLiquidityNetCph>0.0000</removedLiquidityNetCph>
        </iVenue>
        <iVenue>
          <venueName>ACME</venueName>
          <services>EV/SRV</services>
          <mic>ACME</mic>
          <routedShr>0</routedShr>
          <iocRoutedShr>0</iocRoutedShr>
          <furtherRoutableShr>0</furtherRoutableShr>
          <orderSizeShr>0</orderSizeShr>
          <executedShr>0</executedShr>
          <filledPct>0.00</filledPct>
          <fillSizeShr>0</fillSizeShr>
          <netFeeOrRebateCph>0.0000</netFeeOrRebateCph>
          <midpointShr>0</midpointShr>
          <midpointPct>0.00</midpointPct>
          <nearsideShr>0</nearsideShr>
          <nearsidePct>0.00</nearsidePct>
          <farsideShr>0</farsideShr>
          <farsidePct>0.00</farsidePct>
          <providedLiqudityShr>0</providedLiqudityShr>
          <providedLiquidityPct>0.00</providedLiquidityPct>
          <orderDurationMsec></orderDurationMsec>
          <providedLiquidityNetCph></providedLiquidityNetCph>
          <removedLiquidityShr>0</removedLiquidityShr>
          <removedLiquidityPct>0.00</removedLiquidityPct>
          <removedLiquidityNetCph></removedLiquidityNetCph>
        </iVenue>
        <iVenue>
          <venueName>ACME</venueName>
          <services>EV/SRV</services>
          <mic>ACME</mic>
          <routedShr>0</routedShr>
          <iocRoutedShr>0</iocRoutedShr>
          <furtherRoutableShr>0</furtherRoutableShr>
          <orderSizeShr>0</orderSizeShr>
          <executedShr>0</executedShr>
          <filledPct>0.00</filledPct>
          <fillSizeShr>0</fillSizeShr>
          <netFeeOrRebateCph>0.0000</netFeeOrRebateCph>
          <midpointShr>0</midpointShr>
          <midpointPct>0.00</midpointPct>
          <nearsideShr>0</nearsideShr>
          <nearsidePct>0.00</nearsidePct>
          <farsideShr>0</farsideShr>
          <farsidePct>0.00</farsidePct>
          <providedLiqudityShr>0</providedLiqudityShr>
          <providedLiquidityPct>0.00</providedLiquidityPct>
          <orderDurationMsec></orderDurationMsec>
          <providedLiquidityNetCph></providedLiquidityNetCph>
          <removedLiquidityShr>0</removedLiquidityShr>
          <removedLiquidityPct>0.00</removedLiquidityPct>
          <removedLiquidityNetCph></removedLiquidityNetCph>
        </iVenue>
        <iVenue>
          <venueName>ACME</venueName>
          <services>EV/SRV</services>
          <mic>ACME</mic>
          <routedShr>0</routedShr>
          <iocRoutedShr>0</iocRoutedShr>
          <furtherRoutableShr>0</furtherRoutableShr>
          <orderSizeShr>0</orderSizeShr>
          <executedShr>0</executedShr>
          <filledPct>0.00</filledPct>
          <fillSizeShr>0</fillSizeShr>
          <netFeeOrRebateCph>0.0000</netFeeOrRebateCph>
          <midpointShr>0</midpointShr>
          <midpointPct>0.00</midpointPct>
          <nearsideShr>0</nearsideShr>
          <nearsidePct>0.00</nearsidePct>
          <farsideShr>0</farsideShr>
          <farsidePct>0.00</farsidePct>
          <providedLiqudityShr>0</providedLiqudityShr>
          <providedLiquidityPct>0.00</providedLiquidityPct>
          <orderDurationMsec>0</orderDurationMsec>
          <providedLiquidityNetCph></providedLiquidityNetCph>
          <removedLiquidityShr>0</removedLiquidityShr>
          <removedLiquidityPct>0.00</removedLiquidityPct>
          <removedLiquidityNetCph>0.0000</removedLiquidityNetCph>
        </iVenue>
        <iVenue>
          <venueName>ACME</venueName>
          <services>EV/SRV</services>
          <mic>ACME</mic>
          <routedShr>0</routedShr>
          <iocRoutedShr>0</iocRoutedShr>
          <furtherRoutableShr>0</furtherRoutableShr>
          <orderSizeShr>0</orderSizeShr>
          <executedShr>0</executedShr>
          <filledPct>0.00</filledPct>
          <fillSizeShr>0</fillSizeShr>
          <netFeeOrRebateCph>0.0000</netFeeOrRebateCph>
          <midpointShr>0</midpointShr>
          <midpointPct>0.00</midpointPct>
          <nearsideShr>0</nearsideShr>
          <nearsidePct>0.00</nearsidePct>
          <farsideShr>0</farsideShr>
          <farsidePct>0.00</farsidePct>
          <providedLiqudityShr>0</providedLiqudityShr>
          <providedLiquidityPct>0.00</providedLiquidityPct>
          <orderDurationMsec>0</orderDurationMsec>
          <providedLiquidityNetCph>0.0000</providedLiquidityNetCph>
          <removedLiquidityShr>0</removedLiquidityShr>
          <removedLiquidityPct>0.00</removedLiquidityPct>
          <removedLiquidityNetCph>0.0000</removedLiquidityNetCph>
        </iVenue>
        <iVenue>
          <venueName>ACME</venueName>
          <services>EV/SRV</services>
          <mic>ACME</mic>
          <routedShr>0</routedShr>
          <iocRoutedShr>0</iocRoutedShr>
          <furtherRoutableShr>0</furtherRoutableShr>
          <orderSizeShr>0</orderSizeShr>
          <executedShr>0</executedShr>
          <filledPct>0.00</filledPct>
          <fillSizeShr>0</fillSizeShr>
          <netFeeOrRebateCph>0.0000</netFeeOrRebateCph>
          <midpointShr>0</midpointShr>
          <midpointPct>0.00</midpointPct>
          <nearsideShr>0</nearsideShr>
          <nearsidePct>0.00</nearsidePct>
          <farsideShr>0</farsideShr>
          <farsidePct>0.00</farsidePct>
          <providedLiqudityShr>0</providedLiqudityShr>
          <providedLiquidityPct>0.00</providedLiquidityPct>
          <orderDurationMsec>0</orderDurationMsec>
          <providedLiquidityNetCph></providedLiquidityNetCph>
          <removedLiquidityShr>0</removedLiquidityShr>
          <removedLiquidityPct>0.00</removedLiquidityPct>
          <removedLiquidityNetCph>0.0000</removedLiquidityNetCph>
        </iVenue>
        <iVenue>
          <venueName>ACME</venueName>
          <services>EV/SRV</services>
          <mic>ACME</mic>
          <routedShr>0</routedShr>
          <iocRoutedShr>0</iocRoutedShr>
          <furtherRoutableShr>0</furtherRoutableShr>
          <orderSizeShr>0</orderSizeShr>
          <executedShr>0</executedShr>
          <filledPct></filledPct>
          <fillSizeShr></fillSizeShr>
          <netFeeOrRebateCph></netFeeOrRebateCph>
          <midpointShr></midpointShr>
          <midpointPct></midpointPct>
          <nearsideShr></nearsideShr>
          <nearsidePct></nearsidePct>
          <farsideShr></farsideShr>
          <farsidePct></farsidePct>
          <providedLiqudityShr></providedLiqudityShr>
          <providedLiquidityPct></providedLiquidityPct>
          <orderDurationMsec></orderDurationMsec>
          <providedLiquidityNetCph></providedLiquidityNetCph>
          <removedLiquidityShr></removedLiquidityShr>
          <removedLiquidityPct></removedLiquidityPct>
          <removedLiquidityNetCph></removedLiquidityNetCph>
        </iVenue>
        <iVenue>
          <venueName>ACME</venueName>
          <services>EV/SRV</services>
          <mic>ACME</mic>
          <routedShr>0</routedShr>
          <iocRoutedShr>0</iocRoutedShr>
          <furtherRoutableShr>0</furtherRoutableShr>
          <orderSizeShr>0</orderSizeShr>
          <executedShr>0</executedShr>
          <filledPct>0.00</filledPct>
          <fillSizeShr>0</fillSizeShr>
          <netFeeOrRebateCph>0.0000</netFeeOrRebateCph>
          <midpointShr>0</midpointShr>
          <midpointPct>0.00</midpointPct>
          <nearsideShr>0</nearsideShr>
          <nearsidePct>0.00</nearsidePct>
          <farsideShr>0</farsideShr>
          <farsidePct>0.00</farsidePct>
          <providedLiqudityShr>0</providedLiqudityShr>
          <providedLiquidityPct>0.00</providedLiquidityPct>
          <orderDurationMsec>0</orderDurationMsec>
          <providedLiquidityNetCph></providedLiquidityNetCph>
          <removedLiquidityShr>0</removedLiquidityShr>
          <removedLiquidityPct>0.00</removedLiquidityPct>
          <removedLiquidityNetCph>0.0000</removedLiquidityNetCph>
        </iVenue>
        <iVenue>
          <venueName>ACME</venueName>
          <services>EV/SRV</services>
          <mic>ACME</mic>
          <routedShr>0</routedShr>
          <iocRoutedShr>0</iocRoutedShr>
          <furtherRoutableShr>0</furtherRoutableShr>
          <orderSizeShr>0</orderSizeShr>
          <executedShr>0</executedShr>
          <filledPct>0.00</filledPct>
          <fillSizeShr>0</fillSizeShr>
          <netFeeOrRebateCph>0.0000</netFeeOrRebateCph>
          <midpointShr>0</midpointShr>
          <midpointPct>0.00</midpointPct>
          <nearsideShr>0</nearsideShr>
          <nearsidePct>0.00</nearsidePct>
          <farsideShr>0</farsideShr>
          <farsidePct>0.00</farsidePct>
          <providedLiqudityShr>0</providedLiqudityShr>
          <providedLiquidityPct>0.00</providedLiquidityPct>
          <orderDurationMsec>0</orderDurationMsec>
          <providedLiquidityNetCph></providedLiquidityNetCph>
          <removedLiquidityShr>0</removedLiquidityShr>
          <removedLiquidityPct>0.00</removedLiquidityPct>
          <removedLiquidityNetCph>0.0000</removedLiquidityNetCph>
        </iVenue>
        <iVenue>
          <venueName>ACME</venueName>
          <services>EV/SRV</services>
          <mic>ACME</mic>
          <routedShr>0</routedShr>
          <iocRoutedShr>0</iocRoutedShr>
          <furtherRoutableShr>0</furtherRoutableShr>
          <orderSizeShr>0</orderSizeShr>
          <executedShr>0</executedShr>
          <filledPct>0.00</filledPct>
          <fillSizeShr>0</fillSizeShr>
          <netFeeOrRebateCph>0.0000</netFeeOrRebateCph>
          <midpointShr>0</midpointShr>
          <midpointPct>0.00</midpointPct>
          <nearsideShr>0</nearsideShr>
          <nearsidePct>0.00</nearsidePct>
          <farsideShr>0</farsideShr>
          <farsidePct>0.00</farsidePct>
          <providedLiqudityShr>0</providedLiqudityShr>
          <providedLiquidityPct>0.00</providedLiquidityPct>
          <orderDurationMsec>0</orderDurationMsec>
          <providedLiquidityNetCph></providedLiquidityNetCph>
          <removedLiquidityShr>0</removedLiquidityShr>
          <removedLiquidityPct>0.00</removedLiquidityPct>
          <removedLiquidityNetCph>0.0000</removedLiquidityNetCph>
        </iVenue>
        <iVenue>
          <venueName>ACME</venueName>
          <services>EV/SRV</services>
          <mic>ACME</mic>
          <routedShr>0</routedShr>
          <iocRoutedShr>0</iocRoutedShr>
          <furtherRoutableShr>0</furtherRoutableShr>
          <orderSizeShr>0</orderSizeShr>
          <executedShr>0</executedShr>
          <filledPct>0.00</filledPct>
          <fillSizeShr>0</fillSizeShr>
          <netFeeOrRebateCph>0.0000</netFeeOrRebateCph>
          <midpointShr>0</midpointShr>
          <midpointPct>0.00</midpointPct>
          <nearsideShr>0</nearsideShr>
          <nearsidePct>0.00</nearsidePct>
          <farsideShr>0</farsideShr>
          <farsidePct>0.00</farsidePct>
          <providedLiqudityShr>0</providedLiqudityShr>
          <providedLiquidityPct>0.00</providedLiquidityPct>
          <orderDurationMsec>0</orderDurationMsec>
          <providedLiquidityNetCph></providedLiquidityNetCph>
          <removedLiquidityShr>0</removedLiquidityShr>
          <removedLiquidityPct>0.00</removedLiquidityPct>
          <removedLiquidityNetCph>0.0000</removedLiquidityNetCph>
        </iVenue>
        <iVenue>
          <venueName>ACME</venueName>
          <services>EV/SRV</services>
          <mic>ACME</mic>
          <routedShr>0</routedShr>
          <iocRoutedShr>0</iocRoutedShr>
          <furtherRoutableShr>0</furtherRoutableShr>
          <orderSizeShr>0</orderSizeShr>
          <executedShr>0</executedShr>
          <filledPct>0.00</filledPct>
          <fillSizeShr>0</fillSizeShr>
          <netFeeOrRebateCph>0.0000</netFeeOrRebateCph>
          <midpointShr>0</midpointShr>
          <midpointPct>0.00</midpointPct>
          <nearsideShr>0</nearsideShr>
          <nearsidePct>0.00</nearsidePct>
          <farsideShr>0</farsideShr>
          <farsidePct>0.00</farsidePct>
          <providedLiqudityShr>0</providedLiqudityShr>
          <providedLiquidityPct>0.00</providedLiquidityPct>
          <orderDurationMsec>0</orderDurationMsec>
          <providedLiquidityNetCph></providedLiquidityNetCph>
          <removedLiquidityShr>0</removedLiquidityShr>
          <removedLiquidityPct>0.00</removedLiquidityPct>
          <removedLiquidityNetCph>0.0000</removedLiquidityNetCph>
        </iVenue>
        <iVenue>
          <venueName>ACME</venueName>
          <services>EV/SRV</services>
          <mic>ACME</mic>
          <routedShr>0</routedShr>
          <iocRoutedShr>0</iocRoutedShr>
          <furtherRoutableShr>0</furtherRoutableShr>
          <orderSizeShr>0</orderSizeShr>
          <executedShr>0</executedShr>
          <filledPct>0.00</filledPct>
          <fillSizeShr>0</fillSizeShr>
          <netFeeOrRebateCph>0.0000</netFeeOrRebateCph>
          <midpointShr>0</midpointShr>
          <midpointPct>0.00</midpointPct>
          <nearsideShr>0</nearsideShr>
          <nearsidePct>0.00</nearsidePct>
          <farsideShr>0</farsideShr>
          <farsidePct>0.00</farsidePct>
          <providedLiqudityShr>0</providedLiqudityShr>
          <providedLiquidityPct>0.00</providedLiquidityPct>
          <orderDurationMsec>0</orderDurationMsec>
          <providedLiquidityNetCph></providedLiquidityNetCph>
          <removedLiquidityShr>0</removedLiquidityShr>
          <removedLiquidityPct>0.00</removedLiquidityPct>
          <removedLiquidityNetCph>0.0000</removedLiquidityNetCph>
        </iVenue>
        <iVenue>
          <venueName>ACME</venueName>
          <services>EV/SRV</services>
          <mic>ACME</mic>
          <routedShr>0</routedShr>
          <iocRoutedShr>0</iocRoutedShr>
          <furtherRoutableShr>0</furtherRoutableShr>
          <orderSizeShr>0</orderSizeShr>
          <executedShr>0</executedShr>
          <filledPct>0.00</filledPct>
          <fillSizeShr>0</fillSizeShr>
          <netFeeOrRebateCph>0.0000</netFeeOrRebateCph>
          <midpointShr>0</midpointShr>
          <midpointPct>0.00</midpointPct>
          <nearsideShr>0</nearsideShr>
          <nearsidePct>0.00</nearsidePct>
          <farsideShr>0</farsideShr>
          <farsidePct>0.00</farsidePct>
          <providedLiqudityShr>0</providedLiqudityShr>
          <providedLiquidityPct>0.00</providedLiquidityPct>
          <orderDurationMsec>0</orderDurationMsec>
          <providedLiquidityNetCph></providedLiquidityNetCph>
          <removedLiquidityShr>0</removedLiquidityShr>
          <removedLiquidityPct>0.00</removedLiquidityPct>
          <removedLiquidityNetCph>0.0000</removedLiquidityNetCph>
        </iVenue>
        <iVenue>
          <venueName>ACME</venueName>
          <services>EV/SRV</services>
          <mic>ACME</mic>
          <routedShr>0</routedShr>
          <iocRoutedShr>0</iocRoutedShr>
          <furtherRoutableShr>0</furtherRoutableShr>
          <orderSizeShr>0</orderSizeShr>
          <executedShr>0</executedShr>
          <filledPct></filledPct>
          <fillSizeShr></fillSizeShr>
          <netFeeOrRebateCph></netFeeOrRebateCph>
          <midpointShr></midpointShr>
          <midpointPct></midpointPct>
          <nearsideShr></nearsideShr>
          <nearsidePct></nearsidePct>
          <farsideShr></farsideShr>
          <farsidePct></farsidePct>
          <providedLiqudityShr></providedLiqudityShr>
          <providedLiquidityPct></providedLiquidityPct>
          <orderDurationMsec></orderDurationMsec>
          <providedLiquidityNetCph></providedLiquidityNetCph>
          <removedLiquidityShr></removedLiquidityShr>
          <removedLiquidityPct></removedLiquidityPct>
          <removedLiquidityNetCph></removedLiquidityNetCph>
        </iVenue>
        <iVenue>
          <venueName>ACME</venueName>
          <services>EV/SRV</services>
          <mic>ACME</mic>
          <routedShr>0</routedShr>
          <iocRoutedShr>0</iocRoutedShr>
          <furtherRoutableShr>0</furtherRoutableShr>
          <orderSizeShr>0</orderSizeShr>
          <executedShr>0</executedShr>
          <filledPct>0.00</filledPct>
          <fillSizeShr>0</fillSizeShr>
          <netFeeOrRebateCph>0.0000</netFeeOrRebateCph>
          <midpointShr>0</midpointShr>
          <midpointPct>0.00</midpointPct>
          <nearsideShr>0</nearsideShr>
          <nearsidePct>0.00</nearsidePct>
          <farsideShr>0</farsideShr>
          <farsidePct>0.00</farsidePct>
          <providedLiqudityShr>0</providedLiqudityShr>
          <providedLiquidityPct>0.00</providedLiquidityPct>
          <orderDurationMsec>0</orderDurationMsec>
          <providedLiquidityNetCph></providedLiquidityNetCph>
          <removedLiquidityShr>0</removedLiquidityShr>
          <removedLiquidityPct>0.00</removedLiquidityPct>
          <removedLiquidityNetCph>0.0000</removedLiquidityNetCph>
        </iVenue>
        <iVenue>
          <venueName>ACME</venueName>
          <services>EV/SRV</services>
          <mic>ACME</mic>
          <routedShr>0</routedShr>
          <iocRoutedShr>0</iocRoutedShr>
          <furtherRoutableShr>0</furtherRoutableShr>
          <orderSizeShr>0</orderSizeShr>
          <executedShr>0</executedShr>
          <filledPct>0.00</filledPct>
          <fillSizeShr>0</fillSizeShr>
          <netFeeOrRebateCph>0.0000</netFeeOrRebateCph>
          <midpointShr>0</midpointShr>
          <midpointPct>0.00</midpointPct>
          <nearsideShr>0</nearsideShr>
          <nearsidePct>0.00</nearsidePct>
          <farsideShr>0</farsideShr>
          <farsidePct>0.00</farsidePct>
          <providedLiqudityShr>0</providedLiqudityShr>
          <providedLiquidityPct>0.00</providedLiquidityPct>
          <orderDurationMsec>0</orderDurationMsec>
          <providedLiquidityNetCph>0.0000</providedLiquidityNetCph>
          <removedLiquidityShr>0</removedLiquidityShr>
          <removedLiquidityPct>0.00</removedLiquidityPct>
          <removedLiquidityNetCph>0.0000</removedLiquidityNetCph>
        </iVenue>
        <iVenue>
          <venueName>ACME</venueName>
          <services>EV/SRV</services>
          <mic>ACME</mic>
          <routedShr>0</routedShr>
          <iocRoutedShr>0</iocRoutedShr>
          <furtherRoutableShr>0</furtherRoutableShr>
          <orderSizeShr>0</orderSizeShr>
          <executedShr>0</executedShr>
          <filledPct>0.00</filledPct>
          <fillSizeShr>0</fillSizeShr>
          <netFeeOrRebateCph>0.0000</netFeeOrRebateCph>
          <midpointShr>0</midpointShr>
          <midpointPct>0.00</midpointPct>
          <nearsideShr>0</nearsideShr>
          <nearsidePct>0.00</nearsidePct>
          <farsideShr>0</farsideShr>
          <farsidePct>0.00</farsidePct>
          <providedLiqudityShr>0</providedLiqudityShr>
          <providedLiquidityPct>0.00</providedLiquidityPct>
          <orderDurationMsec>0</orderDurationMsec>
          <providedLiquidityNetCph>0.0000</providedLiquidityNetCph>
          <removedLiquidityShr>0</removedLiquidityShr>
          <removedLiquidityPct>0.00</removedLiquidityPct>
          <removedLiquidityNetCph>0.0000</removedLiquidityNetCph>
        </iVenue>
        <iVenue>
          <venueName>ACME</venueName>
          <services>EV/SRV</services>
          <mic>ACME</mic>
          <routedShr>0</routedShr>
          <iocRoutedShr>0</iocRoutedShr>
          <furtherRoutableShr>0</furtherRoutableShr>
          <orderSizeShr>0</orderSizeShr>
          <executedShr>0</executedShr>
          <filledPct>0.00</filledPct>
          <fillSizeShr>0</fillSizeShr>
          <netFeeOrRebateCph>0.0000</netFeeOrRebateCph>
          <midpointShr>0</midpointShr>
          <midpointPct>0.00</midpointPct>
          <nearsideShr>0</nearsideShr>
          <nearsidePct>0.00</nearsidePct>
          <farsideShr>0</farsideShr>
          <farsidePct>0.00</farsidePct>
          <providedLiqudityShr>0</providedLiqudityShr>
          <providedLiquidityPct>0.00</providedLiquidityPct>
          <orderDurationMsec>0</orderDurationMsec>
          <providedLiquidityNetCph>0.0000</providedLiquidityNetCph>
          <removedLiquidityShr>0</removedLiquidityShr>
          <removedLiquidityPct>0.00</removedLiquidityPct>
          <removedLiquidityNetCph>0.0000</removedLiquidityNetCph>
        </iVenue>
        <iVenue>
          <venueName>ACME</venueName>
          <services>EV/SRV</services>
          <mic>ACME</mic>
          <routedShr>0</routedShr>
          <iocRoutedShr>0</iocRoutedShr>
          <furtherRoutableShr>0</furtherRoutableShr>
          <orderSizeShr>0</orderSizeShr>
          <executedShr>0</executedShr>
          <filledPct></filledPct>
          <fillSizeShr></fillSizeShr>
          <netFeeOrRebateCph></netFeeOrRebateCph>
          <midpointShr></midpointShr>
          <midpointPct></midpointPct>
          <nearsideShr></nearsideShr>
          <nearsidePct></nearsidePct>
          <farsideShr></farsideShr>
          <farsidePct></farsidePct>
          <providedLiqudityShr></providedLiqudityShr>
          <providedLiquidityPct></providedLiquidityPct>
          <orderDurationMsec></orderDurationMsec>
          <providedLiquidityNetCph></providedLiquidityNetCph>
          <removedLiquidityShr></removedLiquidityShr>
          <removedLiquidityPct></removedLiquidityPct>
          <removedLiquidityNetCph></removedLiquidityNetCph>
        </iVenue>
        <iVenue>
          <venueName>ACME</venueName>
          <services>EV/SRV</services>
          <mic>ACME</mic>
          <routedShr>0</routedShr>
          <iocRoutedShr>0</iocRoutedShr>
          <furtherRoutableShr>0</furtherRoutableShr>
          <orderSizeShr>0</orderSizeShr>
          <executedShr>0</executedShr>
          <filledPct>0.00</filledPct>
          <fillSizeShr>0</fillSizeShr>
          <netFeeOrRebateCph>0.0000</netFeeOrRebateCph>
          <midpointShr>0</midpointShr>
          <midpointPct>0.00</midpointPct>
          <nearsideShr>0</nearsideShr>
          <nearsidePct>0.00</nearsidePct>
          <farsideShr>0</farsideShr>
          <farsidePct>0.00</farsidePct>
          <providedLiqudityShr>0</providedLiqudityShr>
          <providedLiquidityPct>0.00</providedLiquidityPct>
          <orderDurationMsec>0</orderDurationMsec>
          <providedLiquidityNetCph></providedLiquidityNetCph>
          <removedLiquidityShr>0</removedLiquidityShr>
          <removedLiquidityPct>0.00</removedLiquidityPct>
          <removedLiquidityNetCph>0.0000</removedLiquidityNetCph>
        </iVenue>
        <iVenue>
          <venueName>ACME</venueName>
          <services>EV/SRV</services>
          <mic>ACME</mic>
          <routedShr>0</routedShr>
          <iocRoutedShr>0</iocRoutedShr>
          <furtherRoutableShr>0</furtherRoutableShr>
          <orderSizeShr>0</orderSizeShr>
          <executedShr>0</executedShr>
          <filledPct>0.00</filledPct>
          <fillSizeShr>0</fillSizeShr>
          <netFeeOrRebateCph>0.0000</netFeeOrRebateCph>
          <midpointShr>0</midpointShr>
          <midpointPct>0.00</midpointPct>
          <nearsideShr>0</nearsideShr>
          <nearsidePct>0.00</nearsidePct>
          <farsideShr>0</farsideShr>
          <farsidePct>0.00</farsidePct>
          <providedLiqudityShr>0</providedLiqudityShr>
          <providedLiquidityPct>0.00</providedLiquidityPct>
          <orderDurationMsec>0</orderDurationMsec>
          <providedLiquidityNetCph></providedLiquidityNetCph>
          <removedLiquidityShr>0</removedLiquidityShr>
          <removedLiquidityPct>0.00</removedLiquidityPct>
          <removedLiquidityNetCph>0.0000</removedLiquidityNetCph>
        </iVenue>
        <iVenue>
          <venueName>ACME</venueName>
          <services>EV/SRV</services>
          <mic>ACME</mic>
          <routedShr>0</routedShr>
          <iocRoutedShr>0</iocRoutedShr>
          <furtherRoutableShr>0</furtherRoutableShr>
          <orderSizeShr>0</orderSizeShr>
          <executedShr>0</executedShr>
          <filledPct>0.00</filledPct>
          <fillSizeShr>0</fillSizeShr>
          <netFeeOrRebateCph>0.0000</netFeeOrRebateCph>
          <midpointShr>0</midpointShr>
          <midpointPct>0.00</midpointPct>
          <nearsideShr>0</nearsideShr>
          <nearsidePct>0.00</nearsidePct>
          <farsideShr>0</farsideShr>
          <farsidePct>0.00</farsidePct>
          <providedLiqudityShr>0</providedLiqudityShr>
          <providedLiquidityPct>0.00</providedLiquidityPct>
          <orderDurationMsec>0</orderDurationMsec>
          <providedLiquidityNetCph></providedLiquidityNetCph>
          <removedLiquidityShr>0</removedLiquidityShr>
          <removedLiquidityPct>0.00</removedLiquidityPct>
          <removedLiquidityNetCph>0.0000</removedLiquidityNetCph>
        </iVenue>
        <iVenue>
          <venueName>ACME</venueName>
          <services>EV/SRV</services>
          <mic>ACME</mic>
          <routedShr>0</routedShr>
          <iocRoutedShr>0</iocRoutedShr>
          <furtherRoutableShr>0</furtherRoutableShr>
          <orderSizeShr>0</orderSizeShr>
          <executedShr>0</executedShr>
          <filledPct>0.00</filledPct>
          <fillSizeShr>0</fillSizeShr>
          <netFeeOrRebateCph>0.0000</netFeeOrRebateCph>
          <midpointShr>0</midpointShr>
          <midpointPct>0.00</midpointPct>
          <nearsideShr>0</nearsideShr>
          <nearsidePct>0.00</nearsidePct>
          <farsideShr>0</farsideShr>
          <farsidePct>0.00</farsidePct>
          <providedLiqudityShr>0</providedLiqudityShr>
          <providedLiquidityPct>0.00</providedLiquidityPct>
          <orderDurationMsec>0</orderDurationMsec>
          <providedLiquidityNetCph>0.0000</providedLiquidityNetCph>
          <removedLiquidityShr>0</removedLiquidityShr>
          <removedLiquidityPct>0.00</removedLiquidityPct>
          <removedLiquidityNetCph>0.0000</removedLiquidityNetCph>
        </iVenue>
        <iVenue>
          <venueName>ACME</venueName>
          <services>EV/SRV</services>
          <mic>ACME</mic>
          <routedShr>0</routedShr>
          <iocRoutedShr>0</iocRoutedShr>
          <furtherRoutableShr>0</furtherRoutableShr>
          <orderSizeShr>0</orderSizeShr>
          <executedShr>0</executedShr>
          <filledPct>0.00</filledPct>
          <fillSizeShr>0</fillSizeShr>
          <netFeeOrRebateCph>0.0000</netFeeOrRebateCph>
          <midpointShr>0</midpointShr>
          <midpointPct>0.00</midpointPct>
          <nearsideShr>0</nearsideShr>
          <nearsidePct>0.00</nearsidePct>
          <farsideShr>0</farsideShr>
          <farsidePct>0.00</farsidePct>
          <providedLiqudityShr>0</providedLiqudityShr>
          <providedLiquidityPct>0.00</providedLiquidityPct>
          <orderDurationMsec>0</orderDurationMsec>
          <providedLiquidityNetCph></providedLiquidityNetCph>
          <removedLiquidityShr>0</removedLiquidityShr>
          <removedLiquidityPct>0.00</removedLiquidityPct>
          <removedLiquidityNetCph>0.0000</removedLiquidityNetCph>
        </iVenue>
        <iVenue>
          <venueName>ACME</venueName>
          <services>EV/SRV</services>
          <mic>ACME</mic>
          <routedShr>0</routedShr>
          <iocRoutedShr>0</iocRoutedShr>
          <furtherRoutableShr>0</furtherRoutableShr>
          <orderSizeShr>0</orderSizeShr>
          <executedShr>0</executedShr>
          <filledPct>0.00</filledPct>
          <fillSizeShr>0</fillSizeShr>
          <netFeeOrRebateCph>0.0000</netFeeOrRebateCph>
          <midpointShr>0</midpointShr>
          <midpointPct>0.00</midpointPct>
          <nearsideShr>0</nearsideShr>
          <nearsidePct>0.00</nearsidePct>
          <farsideShr>0</farsideShr>
          <farsidePct>0.00</farsidePct>
          <providedLiqudityShr>0</providedLiqudityShr>
          <providedLiquidityPct>0.00</providedLiquidityPct>
          <orderDurationMsec>0</orderDurationMsec>
          <providedLiquidityNetCph></providedLiquidityNetCph>
          <removedLiquidityShr>0</removedLiquidityShr>
          <removedLiquidityPct>0.00</removedLiquidityPct>
          <removedLiquidityNetCph>0.0000</removedLiquidityNetCph>
        </iVenue>
        <iVenue>
          <venueName>ACME</venueName>
          <services>EV/SRV</services>
          <mic>ACME</mic>
          <routedShr>0</routedShr>
          <iocRoutedShr>0</iocRoutedShr>
          <furtherRoutableShr>0</furtherRoutableShr>
          <orderSizeShr>0</orderSizeShr>
          <executedShr>0</executedShr>
          <filledPct>0.00</filledPct>
          <fillSizeShr>0</fillSizeShr>
          <netFeeOrRebateCph>0.0000</netFeeOrRebateCph>
          <midpointShr>0</midpointShr>
          <midpointPct>0.00</midpointPct>
          <nearsideShr>0</nearsideShr>
          <nearsidePct>0.00</nearsidePct>
          <farsideShr>0</farsideShr>
          <farsidePct>0.00</farsidePct>
          <providedLiqudityShr>0</providedLiqudityShr>
          <providedLiquidityPct>0.00</providedLiquidityPct>
          <orderDurationMsec>0</orderDurationMsec>
          <providedLiquidityNetCph></providedLiquidityNetCph>
          <removedLiquidityShr>0</removedLiquidityShr>
          <removedLiquidityPct>0.00</removedLiquidityPct>
          <removedLiquidityNetCph>0.0000</removedLiquidityNetCph>
        </iVenue>
        <iVenue>
          <venueName>ACME</venueName>
          <services>EV/SRV</services>
          <mic>ACME</mic>
          <routedShr>0</routedShr>
          <iocRoutedShr>0</iocRoutedShr>
          <furtherRoutableShr>0</furtherRoutableShr>
          <orderSizeShr>0</orderSizeShr>
          <executedShr>0</executedShr>
          <filledPct>0.00</filledPct>
          <fillSizeShr>0</fillSizeShr>
          <netFeeOrRebateCph>0.0000</netFeeOrRebateCph>
          <midpointShr>0</midpointShr>
          <midpointPct>0.00</midpointPct>
          <nearsideShr>0</nearsideShr>
          <nearsidePct>0.00</nearsidePct>
          <farsideShr>0</farsideShr>
          <farsidePct>0.00</farsidePct>
          <providedLiqudityShr>0</providedLiqudityShr>
          <providedLiquidityPct>0.00</providedLiquidityPct>
          <orderDurationMsec>0</orderDurationMsec>
          <providedLiquidityNetCph></providedLiquidityNetCph>
          <removedLiquidityShr>0</removedLiquidityShr>
          <removedLiquidityPct>0.00</removedLiquidityPct>
          <removedLiquidityNetCph>0.0000</removedLiquidityNetCph>
        </iVenue>
      </routingVenueList>
    </hMonthly>
    <hMonthly>
      <year>2020</year>
      <mon>12</mon>
      <sentShr>0</sentShr>
      <executedAsPrincipalShr>0</executedAsPrincipalShr>
      <ioiExposedOrd>0</ioiExposedOrd>
      <ioiExposedVenueList>
      </ioiExposedVenueList>
      <routingVenueList>
        <iVenue>
          <venueName>ACMA</venueName>
          <services>EV/SRV</services>
          <mic>ACMA</mic>
          <routedShr>1</routedShr>
          <iocRoutedShr>0</iocRoutedShr>
          <furtherRoutableShr>0</furtherRoutableShr>
          <orderSizeShr>0</orderSizeShr>
          <executedShr>0</executedShr>
          <filledPct>0.00</filledPct>
          <fillSizeShr>0</fillSizeShr>
          <netFeeOrRebateCph>0.0000</netFeeOrRebateCph>
          <midpointShr>0</midpointShr>
          <midpointPct>0.00</midpointPct>
          <nearsideShr>0</nearsideShr>
          <nearsidePct>0.00</nearsidePct>
          <farsideShr>0</farsideShr>
          <farsidePct>0.00</farsidePct>
          <providedLiqudityShr>0</providedLiqudityShr>
          <providedLiquidityPct>0.00</providedLiquidityPct>
          <orderDurationMsec></orderDurationMsec>
          <providedLiquidityNetCph></providedLiquidityNetCph>
          <removedLiquidityShr>0</removedLiquidityShr>
          <removedLiquidityPct>0.00</removedLiquidityPct>
          <removedLiquidityNetCph></removedLiquidityNetCph>
        </iVenue>
        <iVenue>
          <venueName>ACMB</venueName>
          <services>PRV</services>
          <mic>ACMB</mic>
          <routedShr>2</routedShr>
          <iocRoutedShr>0</iocRoutedShr>
          <furtherRoutableShr>0</furtherRoutableShr>
          <orderSizeShr>0</orderSizeShr>
          <executedShr></executedShr>
          <filledPct></filledPct>
          <fillSizeShr></fillSizeShr>
          <netFeeOrRebateCph>0.0000</netFeeOrRebateCph>
          <midpointShr></midpointShr>
          <midpointPct></midpointPct>
          <nearsideShr></nearsideShr>
          <nearsidePct></nearsidePct>
          <farsideShr></farsideShr>
          <farsidePct></farsidePct>
          <providedLiqudityShr></providedLiqudityShr>
          <providedLiquidityPct></providedLiquidityPct>
          <orderDurationMsec></orderDurationMsec>
          <providedLiquidityNetCph></providedLiquidityNetCph>
          <removedLiquidityShr></removedLiquidityShr>
          <removedLiquidityPct></removedLiquidityPct>
          <removedLiquidityNetCph></removedLiquidityNetCph>
        </iVenue>
        <iVenue>
          <venueName>ACMC</venueName>
          <services>PRV</services>
          <mic>ACMC</mic>
          <routedShr>3</routedShr>
          <iocRoutedShr>0</iocRoutedShr>
          <furtherRoutableShr>0</furtherRoutableShr>
          <orderSizeShr>0</orderSizeShr>
          <executedShr></executedShr>
          <filledPct></filledPct>
          <fillSizeShr></fillSizeShr>
          <netFeeOrRebateCph>0.0000</netFeeOrRebateCph>
          <midpointShr></midpointShr>
          <midpointPct></midpointPct>
          <nearsideShr></nearsideShr>
          <nearsidePct></nearsidePct>
          <farsideShr></farsideShr>
          <farsidePct></farsidePct>
          <providedLiqudityShr></providedLiqudityShr>
          <providedLiquidityPct></providedLiquidityPct>
          <orderDurationMsec></orderDurationMsec>
          <providedLiquidityNetCph></providedLiquidityNetCph>
          <removedLiquidityShr></removedLiquidityShr>
          <removedLiquidityPct></removedLiquidityPct>
          <removedLiquidityNetCph></removedLiquidityNetCph>
        </iVenue>
        <iVenue>
          <venueName>ACMD</venueName>
          <services>EV/SRV</services>
          <mic>ACMD</mic>
          <routedShr>4</routedShr>
          <iocRoutedShr>0</iocRoutedShr>
          <furtherRoutableShr>0</furtherRoutableShr>
          <orderSizeShr>0</orderSizeShr>
          <executedShr>0</executedShr>
          <filledPct>0.00</filledPct>
          <fillSizeShr>0</fillSizeShr>
          <netFeeOrRebateCph>0.0000</netFeeOrRebateCph>
          <midpointShr>0</midpointShr>
          <midpointPct>0.00</midpointPct>
          <nearsideShr>0</nearsideShr>
          <nearsidePct>0.00</nearsidePct>
          <farsideShr>0</farsideShr>
          <farsidePct>0.00</farsidePct>
          <providedLiqudityShr>0</providedLiqudityShr>
          <providedLiquidityPct>0.00</providedLiquidityPct>
          <orderDurationMsec></orderDurationMsec>
          <providedLiquidityNetCph></providedLiquidityNetCph>
          <removedLiquidityShr>0</removedLiquidityShr>
          <removedLiquidityPct>0.00</removedLiquidityPct>
          <removedLiquidityNetCph></removedLiquidityNetCph>
        </iVenue>
        <iVenue>
          <venueName>ACME</venueName>
          <services>EV/SRV</services>
          <mic>ACME</mic>
          <routedShr>5</routedShr>
          <iocRoutedShr>0</iocRoutedShr>
          <furtherRoutableShr>0</furtherRoutableShr>
          <orderSizeShr>0</orderSizeShr>
          <executedShr>0</executedShr>
          <filledPct>0.00</filledPct>
          <fillSizeShr>0</fillSizeShr>
          <netFeeOrRebateCph>0.0000</netFeeOrRebateCph>
          <midpointShr>0</midpointShr>
          <midpointPct>0.00</midpointPct>
          <nearsideShr>0</nearsideShr>
          <nearsidePct>0.00</nearsidePct>
          <farsideShr>0</farsideShr>
          <farsidePct>0.00</farsidePct>
          <providedLiqudityShr>0</providedLiqudityShr>
          <providedLiquidityPct>0.00</providedLiquidityPct>
          <orderDurationMsec></orderDurationMsec>
          <providedLiquidityNetCph></providedLiquidityNetCph>
          <removedLiquidityShr>0</removedLiquidityShr>
          <removedLiquidityPct>0.00</removedLiquidityPct>
          <removedLiquidityNetCph></removedLiquidityNetCph>
        </iVenue>
        <iVenue>
          <venueName>ACMF</venueName>
          <services>EV/SRV</services>
          <mic>ACMF</mic>
          <routedShr>6</routedShr>
          <iocRoutedShr>0</iocRoutedShr>
          <furtherRoutableShr>0</furtherRoutableShr>
          <orderSizeShr>0</orderSizeShr>
          <executedShr>0</executedShr>
          <filledPct>0.00</filledPct>
          <fillSizeShr>0</fillSizeShr>
          <netFeeOrRebateCph>0.0000</netFeeOrRebateCph>
          <midpointShr>0</midpointShr>
          <midpointPct>0.00</midpointPct>
          <nearsideShr>0</nearsideShr>
          <nearsidePct>0.00</nearsidePct>
          <farsideShr>0</farsideShr>
          <farsidePct>0.00</farsidePct>
          <providedLiqudityShr>0</providedLiqudityShr>
          <providedLiquidityPct>0.00</providedLiquidityPct>
          <orderDurationMsec>0</orderDurationMsec>
          <providedLiquidityNetCph>0.0000</providedLiquidityNetCph>
          <removedLiquidityShr>0</removedLiquidityShr>
          <removedLiquidityPct>0.00</removedLiquidityPct>
          <removedLiquidityNetCph>0.0000</removedLiquidityNetCph>
        </iVenue>
        <iVenue>
          <venueName>ACMG</venueName>
          <services>EV/SRV</services>
          <mic>ACMG</mic>
          <routedShr>7</routedShr>
          <iocRoutedShr>0</iocRoutedShr>
          <furtherRoutableShr>0</furtherRoutableShr>
          <orderSizeShr>0</orderSizeShr>
          <executedShr>0</executedShr>
          <filledPct></filledPct>
          <fillSizeShr></fillSizeShr>
          <netFeeOrRebateCph></netFeeOrRebateCph>
          <midpointShr></midpointShr>
          <midpointPct></midpointPct>
          <nearsideShr></nearsideShr>
          <nearsidePct></nearsidePct>
          <farsideShr></farsideShr>
          <farsidePct></farsidePct>
          <providedLiqudityShr></providedLiqudityShr>
          <providedLiquidityPct></providedLiquidityPct>
          <orderDurationMsec></orderDurationMsec>
          <providedLiquidityNetCph></providedLiquidityNetCph>
          <removedLiquidityShr></removedLiquidityShr>
          <removedLiquidityPct></removedLiquidityPct>
          <removedLiquidityNetCph></removedLiquidityNetCph>
        </iVenue>
        <iVenue>
          <venueName>ACMH</venueName>
          <services>EV/SRV</services>
          <mic>ACMH</mic>
          <routedShr>8</routedShr>
          <iocRoutedShr>0</iocRoutedShr>
          <furtherRoutableShr>0</furtherRoutableShr>
          <orderSizeShr>0</orderSizeShr>
          <executedShr>0</executedShr>
          <filledPct>0.00</filledPct>
          <fillSizeShr>0</fillSizeShr>
          <netFeeOrRebateCph>0.0000</netFeeOrRebateCph>
          <midpointShr>0</midpointShr>
          <midpointPct>0.00</midpointPct>
          <nearsideShr>0</nearsideShr>
          <nearsidePct>0.00</nearsidePct>
          <farsideShr>0</farsideShr>
          <farsidePct>0.00</farsidePct>
          <providedLiqudityShr>0</providedLiqudityShr>
          <providedLiquidityPct>0.00</providedLiquidityPct>
          <orderDurationMsec></orderDurationMsec>
          <providedLiquidityNetCph></providedLiquidityNetCph>
          <removedLiquidityShr>0</removedLiquidityShr>
          <removedLiquidityPct>0.00</removedLiquidityPct>
          <removedLiquidityNetCph></removedLiquidityNetCph>
        </iVenue>
        <iVenue>
          <venueName>ACMI</venueName>
          <services>EV/SRV</services>
          <mic>ACMI</mic>
          <routedShr>9</routedShr>
          <iocRoutedShr>0</iocRoutedShr>
          <furtherRoutableShr>0</furtherRoutableShr>
          <orderSizeShr>0</orderSizeShr>
          <executedShr>0</executedShr>
          <filledPct>0.00</filledPct>
          <fillSizeShr>0</fillSizeShr>
          <netFeeOrRebateCph>0.0000</netFeeOrRebateCph>
          <midpointShr>0</midpointShr>
          <midpointPct>0.00</midpointPct>
          <nearsideShr>0</nearsideShr>
          <nearsidePct>0.00</nearsidePct>
          <farsideShr>0</farsideShr>
          <farsidePct>0.00</farsidePct>
          <providedLiqudityShr>0</providedLiqudityShr>
          <providedLiquidityPct>0.00</providedLiquidityPct>
          <orderDurationMsec></orderDurationMsec>
          <providedLiquidityNetCph></providedLiquidityNetCph>
          <removedLiquidityShr>0</removedLiquidityShr>
          <removedLiquidityPct>0.00</removedLiquidityPct>
          <removedLiquidityNetCph></removedLiquidityNetCph>
        </iVenue>
      </routingVenueList>
    </hMonthly>
  </hNondirected>
</notHeldOrderHandlingCustomerReport>
