<?xml version="1.0" encoding="UTF-8"?>
<!--
This sample file was created by staff of the U.S. Securities and Exchange Commission.
Data and content created by government employees within the scope of their employment
are not subject to domestic copyright protection. 17 U.S.C. 105.
-->
<heldExemptNotHeldOrderRoutingCustomerReport xmlns:xsi="http://www.w3.org/2001/XMLSchema-instance" xsi:noNamespaceSchemaLocation="oh-20191231.xsd">
  <version>1.2</version>
  <customer>C. Schtumer</customer>
  <bd>B. Roker</bd>
  <timestamp>2020-06-01T22:55:48Z</timestamp>
  <startDate>2019-12-01</startDate>
  <endDate>2020-05-31</endDate>
  <held>
    <order>
      <orderId>90889133</orderId>
      <directed>Y</directed>
      <route>
		<venueName>Rottweiler &amp; Flap, LLP / Info Markets Homeland Overseas Options Trading Platform</venueName>
		<mic>IMHO</mic>
		<mpid>ROTFL</mpid>
        <transaction>
          <date>2019-12-25</date>
          <time>07:05:22</time>
        </transaction>
      </route>
      <route>
        <venueName>IMHO</venueName>
        <transaction>
          <date>2019-12-25</date>
          <time>07:05:22</time>
        </transaction>
        <transaction>
          <date>2019-12-26</date>
          <time>08:05:22</time>
        </transaction>
        <transaction>
          <date>2019-12-27</date>
          <time>09:05:22</time>
        </transaction>
        <transaction>
          <date>2019-12-28</date>
          <time>10:05:22</time>
        </transaction>
      </route>
    </order>
    <order>
      <orderId>5049...232997</orderId>
      <directed>N</directed>
      <route>
        <venueName>YW..TS</venueName>
      </route>
      <route>
        <venueName>RTFL</venueName>
      </route>
      <route>
        <venueName>FB...AR</venueName>
        <mpid>FB99</mpid>
        <transaction>
          <date>2019-12-25</date>
          <time>07:05:22</time>
        </transaction>
      </route>
    </order>
    <order>
      <orderId>9080289134</orderId>
      <directed>N</directed>
      <route>
        <venueName>YWTS</venueName>
        <transaction>
          <date>2019-12-25</date>
          <time>07:05:22</time>
        </transaction>
      </route>
    </order>
    <order>
      <orderId>148427393</orderId>
      <directed>Y</directed>
      <route>
        <venueName>RTFL</venueName>
      </route>
    </order>
    <order>
      <orderId>3192665</orderId>
      <directed>Y</directed>
      <route>
        <venueName>IMHO</venueName>
        <transaction>
          <date>2019-12-25</date>
          <time>07:05:22</time>
        </transaction>
        <transaction>
          <date>2019-12-25</date>
          <time>07:05:22</time>
        </transaction>
      </route>
    </order>
    <order>
      <orderId>3719384</orderId>
      <directed>Y</directed>
      <route>
        <venueName>JTLK</venueName>
        <transaction>
          <date>2019-12-25</date>
          <time>07:05:22</time>
        </transaction>
      </route>
    </order>
    <order>
      <orderId>3719385</orderId>
      <directed>Y</directed>
      <route>
        <venueName>BTAM</venueName>
        <transaction>
          <date>2019-12-25</date>
          <time>07:05:22</time>
        </transaction>
      </route>
    </order>
  </held>
  <notHeldExempt>
    <order>
      <orderId>90889133</orderId>
      <directed>Y</directed>
      <route>
        <venueName>TYSX</venueName>
        <transaction>
          <date>2019-12-25</date>
          <time>07:05:22</time>
        </transaction>
      </route>
    </order>
    <order>
      <orderId>5049232997</orderId>
      <directed>N</directed>
      <route>
        <venueName>FBAR</venueName>
        <transaction>
          <date>2019-12-25</date>
          <time>07:05:22</time>
        </transaction>
      </route>
    </order>
    <order>
      <orderId>9080289134</orderId>
      <directed>N</directed>
      <route>
        <venueName>YWTS</venueName>
        <transaction>
          <date>2019-12-25</date>
          <time>07:05:22</time>
        </transaction>
      </route>
    </order>
    <order>
      <orderId>148427393</orderId>
      <directed>Y</directed>
      <route>
        <venueName>RTFL</venueName>
        <mic>XRFT</mic>
      </route>
    </order>
    <order>
      <orderId>3192665</orderId>
      <directed>Y</directed>
      <route>
        <venueName>IMHO</venueName>
        <transaction>
          <date>2019-12-25</date>
          <time>07:05:22</time>
        </transaction>
        <transaction>
          <date>2019-12-25</date>
          <time>07:05:22</time>
        </transaction>
      </route>
    </order>
    <order>
      <orderId>3719384</orderId>
      <directed>Y</directed>
      <route>
        <venueName>JTLK</venueName>
        <transaction>
          <date>2019-12-25</date>
          <time>07:05:22</time>
        </transaction>
      </route>
    </order>
    <order>
      <orderId>3719385</orderId>
      <directed>Y</directed>
      <route>
        <venueName>BTAM</venueName>
        <transaction>
          <date>2019-12-25</date>
          <time>07:05:22</time>
        </transaction>
      </route>
    </order>
  </notHeldExempt>
  <options>
    <order>
      <orderId>90889133</orderId>
      <directed>Y</directed>
      <route>
        <venueName>TYSX</venueName>
        <transaction>
          <date>2019-12-25</date>
          <time>07:05:22</time>
        </transaction>
      </route>
    </order>
    <order>
      <orderId>5049232997</orderId>
      <directed>N</directed>
      <route>
        <venueName>FBAR</venueName>
        <transaction>
          <date>2019-12-25</date>
          <time>07:05:22</time>
        </transaction>
      </route>
    </order>
    <order>
      <orderId>9080289134</orderId>
      <directed>N</directed>
      <route>
        <venueName>YWTS</venueName>
        <transaction>
          <date>2019-12-25</date>
          <time>07:05:22</time>
        </transaction>
      </route>
    </order>
    <order>
      <orderId>148427393</orderId>
      <directed>Y</directed>
      <route>
        <venueName>ROTF</venueName>
      </route>
    </order>
    <order>
      <orderId>3192665</orderId>
      <directed>Y</directed>
      <route>
        <venueName>IMHO</venueName>
        <transaction>
          <date>2019-12-25</date>
          <time>07:05:22</time>
        </transaction>
        <transaction>
          <date>2019-12-25</date>
          <time>07:05:22</time>
        </transaction>
      </route>
    </order>
    <order>
      <orderId>3719384</orderId>
      <directed>Y</directed>
      <route>
        <venueName>JTLK</venueName>
        <transaction>
          <date>2019-12-25</date>
          <time>07:05:22</time>
        </transaction>
      </route>
    </order>
    <order>
      <orderId>3719385</orderId>
      <directed>Y</directed>
      <route>
        <venueName>BTAM</venueName>
        <transaction>
          <date>2019-12-25</date>
          <time>07:05:22</time>
        </transaction>
      </route>
    </order>
  </options>
</heldExemptNotHeldOrderRoutingCustomerReport>
