<?xml version="1.0" encoding="UTF-8"?>
<notHeldOrderHandlingCustomerReport xmlns:xsi="http://www.w3.org/2001/XMLSchema-instance" xsi:noNamespaceSchemaLocation="oh-20191231.xsd">
  <version>1.3</version>
  <customer>ACME Table Render</customer>
  <bd>ACME</bd>
  <timestamp>2021-01-27T19:13:23Z</timestamp>
  <startDate>2020-11-01</startDate>
  <endDate>2020-12-31</endDate>
  <hDirected>
    <hMonthly>
      <year>2020</year>
      <mon>11</mon>
      <sentShr/>
      <executedAsPrincipalShr/>
      <ioiExposedOrd/>
      <ioiExposedVenueList>
      </ioiExposedVenueList>
      <routingVenueList>
      </routingVenueList>
    </hMonthly>
    <hMonthly>
      <year>2020</year>
      <mon>12</mon>
      <sentShr/>
      <executedAsPrincipalShr/>
      <ioiExposedOrd/>
      <ioiExposedVenueList>
      </ioiExposedVenueList>
      <routingVenueList>
      </routingVenueList>
    </hMonthly>
  </hDirected>
  <hNondirected>
    <hMonthly>
      <year>2020</year>
      <mon>11</mon>
      <sentShr>0</sentShr>
      <executedAsPrincipalShr>0</executedAsPrincipalShr>
      <ioiExposedOrd>0</ioiExposedOrd>
      <ioiExposedVenueList>
      </ioiExposedVenueList>
      <routingVenueList>
        <iVenue>
          <venueName>ACME one one one one one one one</venueName>
          <services>EV/SRV</services>
          <mic>ACME</mic>
          <routedShr>0</routedShr>
          <iocRoutedShr>0</iocRoutedShr>
          <furtherRoutableShr>0</furtherRoutableShr>
          <orderSizeShr>0</orderSizeShr>
          <executedShr>0</executedShr>
          <filledPct>0.00</filledPct>
          <fillSizeShr>0</fillSizeShr>
          <netFeeOrRebateCph>0.0000</netFeeOrRebateCph>
          <midpointShr>0</midpointShr>
          <midpointPct>0.00</midpointPct>
          <nearsideShr>0</nearsideShr>
          <nearsidePct>0.00</nearsidePct>
          <farsideShr>0</farsideShr>
          <farsidePct>0.00</farsidePct>
          <providedLiqudityShr>0</providedLiqudityShr>
          <providedLiquidityPct>0.00</providedLiquidityPct>
          <orderDurationMsec>0</orderDurationMsec>
          <providedLiquidityNetCph/>
          <removedLiquidityShr>0</removedLiquidityShr>
          <removedLiquidityPct>0.00</removedLiquidityPct>
          <removedLiquidityNetCph>0.0001</removedLiquidityNetCph>
        </iVenue>
        <iVenue>
          <venueName>ACME</venueName>
          <services>EV/SRV</services>
          <mic>ACME</mic>
          <routedShr>0</routedShr>
          <iocRoutedShr>0</iocRoutedShr>
          <furtherRoutableShr>0</furtherRoutableShr>
          <orderSizeShr>0</orderSizeShr>
          <executedShr>0</executedShr>
          <filledPct>0.00</filledPct>
          <fillSizeShr>0</fillSizeShr>
          <netFeeOrRebateCph>0.0000</netFeeOrRebateCph>
          <midpointShr>0</midpointShr>
          <midpointPct>0.00</midpointPct>
          <nearsideShr>0</nearsideShr>
          <nearsidePct>0.00</nearsidePct>
          <farsideShr>0</farsideShr>
          <farsidePct>0.00</farsidePct>
          <providedLiqudityShr>0</providedLiqudityShr>
          <providedLiquidityPct>0.00</providedLiquidityPct>
          <orderDurationMsec>0</orderDurationMsec>
          <providedLiquidityNetCph/>
          <removedLiquidityShr>0</removedLiquidityShr>
          <removedLiquidityPct>0.00</removedLiquidityPct>
          <removedLiquidityNetCph>0.0002</removedLiquidityNetCph>
        </iVenue>
        <iVenue>
          <venueName>ACME</venueName>
          <services>EV/SRV</services>
          <mic>ACME</mic>
          <routedShr>0</routedShr>
          <iocRoutedShr>0</iocRoutedShr>
          <furtherRoutableShr>0</furtherRoutableShr>
          <orderSizeShr>0</orderSizeShr>
          <executedShr>0</executedShr>
          <filledPct>0.00</filledPct>
          <fillSizeShr>0</fillSizeShr>
          <netFeeOrRebateCph>0.0000</netFeeOrRebateCph>
          <midpointShr>0</midpointShr>
          <midpointPct>0.00</midpointPct>
          <nearsideShr>0</nearsideShr>
          <nearsidePct>0.00</nearsidePct>
          <farsideShr>0</farsideShr>
          <farsidePct>0.00</farsidePct>
          <providedLiqudityShr>0</providedLiqudityShr>
          <providedLiquidityPct>0.00</providedLiquidityPct>
          <orderDurationMsec>0</orderDurationMsec>
          <providedLiquidityNetCph/>
          <removedLiquidityShr>0</removedLiquidityShr>
          <removedLiquidityPct>0.00</removedLiquidityPct>
          <removedLiquidityNetCph>0.0003</removedLiquidityNetCph>
        </iVenue>
        <iVenue>
          <venueName>ACME</venueName>
          <services>EV/SRV</services>
          <mic>ACME</mic>
          <routedShr>0</routedShr>
          <iocRoutedShr>0</iocRoutedShr>
          <furtherRoutableShr>0</furtherRoutableShr>
          <orderSizeShr>0</orderSizeShr>
          <executedShr>0</executedShr>
          <filledPct>0.00</filledPct>
          <fillSizeShr>0</fillSizeShr>
          <netFeeOrRebateCph>0.0000</netFeeOrRebateCph>
          <midpointShr>0</midpointShr>
          <midpointPct>0.00</midpointPct>
          <nearsideShr>0</nearsideShr>
          <nearsidePct>0.00</nearsidePct>
          <farsideShr>0</farsideShr>
          <farsidePct>0.00</farsidePct>
          <providedLiqudityShr>0</providedLiqudityShr>
          <providedLiquidityPct>0.00</providedLiquidityPct>
          <orderDurationMsec/>
          <providedLiquidityNetCph/>
          <removedLiquidityShr>0</removedLiquidityShr>
          <removedLiquidityPct>0.00</removedLiquidityPct>
          <removedLiquidityNetCph/>
        </iVenue>
        <iVenue>
          <venueName>ACME</venueName>
          <services>EV/SRV</services>
          <mic>ACME</mic>
          <routedShr>0</routedShr>
          <iocRoutedShr>0</iocRoutedShr>
          <furtherRoutableShr>0</furtherRoutableShr>
          <orderSizeShr>0</orderSizeShr>
          <executedShr>0</executedShr>
          <filledPct>0.00</filledPct>
          <fillSizeShr>0</fillSizeShr>
          <netFeeOrRebateCph>0.0000</netFeeOrRebateCph>
          <midpointShr>0</midpointShr>
          <midpointPct>0.00</midpointPct>
          <nearsideShr>0</nearsideShr>
          <nearsidePct>0.00</nearsidePct>
          <farsideShr>0</farsideShr>
          <farsidePct>0.00</farsidePct>
          <providedLiqudityShr>0</providedLiqudityShr>
          <providedLiquidityPct>0.00</providedLiquidityPct>
          <orderDurationMsec>0</orderDurationMsec>
          <providedLiquidityNetCph>0.0000</providedLiquidityNetCph>
          <removedLiquidityShr>0</removedLiquidityShr>
          <removedLiquidityPct>0.00</removedLiquidityPct>
          <removedLiquidityNetCph>0.0005</removedLiquidityNetCph>
        </iVenue>
        <iVenue>
          <venueName>ACME</venueName>
          <services>EV/SRV</services>
          <mic>ACME</mic>
          <routedShr>0</routedShr>
          <iocRoutedShr>0</iocRoutedShr>
          <furtherRoutableShr>0</furtherRoutableShr>
          <orderSizeShr>0</orderSizeShr>
          <executedShr>0</executedShr>
          <filledPct>0.00</filledPct>
          <fillSizeShr>0</fillSizeShr>
          <netFeeOrRebateCph>0.0000</netFeeOrRebateCph>
          <midpointShr>0</midpointShr>
          <midpointPct>0.00</midpointPct>
          <nearsideShr>0</nearsideShr>
          <nearsidePct>0.00</nearsidePct>
          <farsideShr>0</farsideShr>
          <farsidePct>0.00</farsidePct>
          <providedLiqudityShr>0</providedLiqudityShr>
          <providedLiquidityPct>0.00</providedLiquidityPct>
          <orderDurationMsec>0</orderDurationMsec>
          <providedLiquidityNetCph/>
          <removedLiquidityShr>0</removedLiquidityShr>
          <removedLiquidityPct>0.00</removedLiquidityPct>
          <removedLiquidityNetCph>0.0006</removedLiquidityNetCph>
        </iVenue>
        <iVenue>
          <venueName>ACME</venueName>
          <services>EV/SRV</services>
          <mic>ACME</mic>
          <routedShr>0</routedShr>
          <iocRoutedShr>0</iocRoutedShr>
          <furtherRoutableShr>0</furtherRoutableShr>
          <orderSizeShr>0</orderSizeShr>
          <executedShr>0</executedShr>
          <filledPct>0.00</filledPct>
          <fillSizeShr>0</fillSizeShr>
          <netFeeOrRebateCph>0.0000</netFeeOrRebateCph>
          <midpointShr>0</midpointShr>
          <midpointPct>0.00</midpointPct>
          <nearsideShr>0</nearsideShr>
          <nearsidePct>0.00</nearsidePct>
          <farsideShr>0</farsideShr>
          <farsidePct>0.00</farsidePct>
          <providedLiqudityShr>0</providedLiqudityShr>
          <providedLiquidityPct>0.00</providedLiquidityPct>
          <orderDurationMsec>0</orderDurationMsec>
          <providedLiquidityNetCph>0.0000</providedLiquidityNetCph>
          <removedLiquidityShr>0</removedLiquidityShr>
          <removedLiquidityPct>0.00</removedLiquidityPct>
          <removedLiquidityNetCph>0.0007</removedLiquidityNetCph>
        </iVenue>
        <iVenue>
          <venueName>ACME</venueName>
          <services>EV/SRV</services>
          <mic>ACME</mic>
          <routedShr>0</routedShr>
          <iocRoutedShr>0</iocRoutedShr>
          <furtherRoutableShr>0</furtherRoutableShr>
          <orderSizeShr>0</orderSizeShr>
          <executedShr>0</executedShr>
          <filledPct>0.00</filledPct>
          <fillSizeShr>0</fillSizeShr>
          <netFeeOrRebateCph>0.0000</netFeeOrRebateCph>
          <midpointShr>0</midpointShr>
          <midpointPct>0.00</midpointPct>
          <nearsideShr>0</nearsideShr>
          <nearsidePct>0.00</nearsidePct>
          <farsideShr>0</farsideShr>
          <farsidePct>0.00</farsidePct>
          <providedLiqudityShr>0</providedLiqudityShr>
          <providedLiquidityPct>0.00</providedLiquidityPct>
          <orderDurationMsec>0</orderDurationMsec>
          <providedLiquidityNetCph/>
          <removedLiquidityShr>0</removedLiquidityShr>
          <removedLiquidityPct>0.00</removedLiquidityPct>
          <removedLiquidityNetCph/>
        </iVenue>
        <iVenue>
          <venueName>ACME</venueName>
          <services>PRV</services>
          <mic>ACME</mic>
          <routedShr>0</routedShr>
          <iocRoutedShr>0</iocRoutedShr>
          <furtherRoutableShr>0</furtherRoutableShr>
          <orderSizeShr>0</orderSizeShr>
          <executedShr/>
          <filledPct/>
          <fillSizeShr/>
          <netFeeOrRebateCph>0.0000</netFeeOrRebateCph>
          <midpointShr/>
          <midpointPct/>
          <nearsideShr/>
          <nearsidePct/>
          <farsideShr/>
          <farsidePct/>
          <providedLiqudityShr/>
          <providedLiquidityPct/>
          <orderDurationMsec/>
          <providedLiquidityNetCph/>
          <removedLiquidityShr/>
          <removedLiquidityPct/>
          <removedLiquidityNetCph/>
        </iVenue>
        <iVenue>
          <venueName>ACME</venueName>
          <services>EV/SRV</services>
          <mic>ACME</mic>
          <routedShr>0</routedShr>
          <iocRoutedShr>0</iocRoutedShr>
          <furtherRoutableShr>0</furtherRoutableShr>
          <orderSizeShr>0</orderSizeShr>
          <executedShr>0</executedShr>
          <filledPct>0.00</filledPct>
          <fillSizeShr>0</fillSizeShr>
          <netFeeOrRebateCph>0.0000</netFeeOrRebateCph>
          <midpointShr>0</midpointShr>
          <midpointPct>0.00</midpointPct>
          <nearsideShr>0</nearsideShr>
          <nearsidePct>0.00</nearsidePct>
          <farsideShr>0</farsideShr>
          <farsidePct>0.00</farsidePct>
          <providedLiqudityShr>0</providedLiqudityShr>
          <providedLiquidityPct>0.00</providedLiquidityPct>
          <orderDurationMsec/>
          <providedLiquidityNetCph/>
          <removedLiquidityShr>0</removedLiquidityShr>
          <removedLiquidityPct>0.00</removedLiquidityPct>
          <removedLiquidityNetCph>0.0010</removedLiquidityNetCph>
        </iVenue>
        <iVenue>
          <venueName>ACME</venueName>
          <services>EV/SRV</services>
          <mic>ACME</mic>
          <routedShr>0</routedShr>
          <iocRoutedShr>0</iocRoutedShr>
          <furtherRoutableShr>0</furtherRoutableShr>
          <orderSizeShr>0</orderSizeShr>
          <executedShr>0</executedShr>
          <filledPct>0.00</filledPct>
          <fillSizeShr>0</fillSizeShr>
          <netFeeOrRebateCph>0.0000</netFeeOrRebateCph>
          <midpointShr>0</midpointShr>
          <midpointPct>0.00</midpointPct>
          <nearsideShr>0</nearsideShr>
          <nearsidePct>0.00</nearsidePct>
          <farsideShr>0</farsideShr>
          <farsidePct>0.00</farsidePct>
          <providedLiqudityShr>0</providedLiqudityShr>
          <providedLiquidityPct>0.00</providedLiquidityPct>
          <orderDurationMsec>0</orderDurationMsec>
          <providedLiquidityNetCph/>
          <removedLiquidityShr>0</removedLiquidityShr>
          <removedLiquidityPct>0.00</removedLiquidityPct>
          <removedLiquidityNetCph>0.0011</removedLiquidityNetCph>
        </iVenue>
        <iVenue>
          <venueName>ACME</venueName>
          <services>PRV</services>
          <mic>ACME</mic>
          <routedShr>0</routedShr>
          <iocRoutedShr>0</iocRoutedShr>
          <furtherRoutableShr>0</furtherRoutableShr>
          <orderSizeShr>0</orderSizeShr>
          <executedShr/>
          <filledPct/>
          <fillSizeShr/>
          <netFeeOrRebateCph>0.0000</netFeeOrRebateCph>
          <midpointShr/>
          <midpointPct/>
          <nearsideShr/>
          <nearsidePct/>
          <farsideShr/>
          <farsidePct/>
          <providedLiqudityShr/>
          <providedLiquidityPct/>
          <orderDurationMsec/>
          <providedLiquidityNetCph/>
          <removedLiquidityShr/>
          <removedLiquidityPct/>
          <removedLiquidityNetCph>0.0012</removedLiquidityNetCph>
        </iVenue>
        <iVenue>
          <venueName>ACME</venueName>
          <services>EV/SRV</services>
          <mic>ACME</mic>
          <routedShr>0</routedShr>
          <iocRoutedShr>0</iocRoutedShr>
          <furtherRoutableShr>0</furtherRoutableShr>
          <orderSizeShr>0</orderSizeShr>
          <executedShr>0</executedShr>
          <filledPct>0.00</filledPct>
          <fillSizeShr>0</fillSizeShr>
          <netFeeOrRebateCph>0.0000</netFeeOrRebateCph>
          <midpointShr>0</midpointShr>
          <midpointPct>0.00</midpointPct>
          <nearsideShr>0</nearsideShr>
          <nearsidePct>0.00</nearsidePct>
          <farsideShr>0</farsideShr>
          <farsidePct>0.00</farsidePct>
          <providedLiqudityShr>0</providedLiqudityShr>
          <providedLiquidityPct>0.00</providedLiquidityPct>
          <orderDurationMsec>0</orderDurationMsec>
          <providedLiquidityNetCph/>
          <removedLiquidityShr>0</removedLiquidityShr>
          <removedLiquidityPct>0.00</removedLiquidityPct>
          <removedLiquidityNetCph>0.0013</removedLiquidityNetCph>
        </iVenue>
        <iVenue>
          <venueName>ACME</venueName>
          <services>EV/SRV</services>
          <mic>ACME</mic>
          <routedShr>0</routedShr>
          <iocRoutedShr>0</iocRoutedShr>
          <furtherRoutableShr>0</furtherRoutableShr>
          <orderSizeShr>0</orderSizeShr>
          <executedShr>0</executedShr>
          <filledPct>0.00</filledPct>
          <fillSizeShr>0</fillSizeShr>
          <netFeeOrRebateCph>0.0000</netFeeOrRebateCph>
          <midpointShr>0</midpointShr>
          <midpointPct>0.00</midpointPct>
          <nearsideShr>0</nearsideShr>
          <nearsidePct>0.00</nearsidePct>
          <farsideShr>0</farsideShr>
          <farsidePct>0.00</farsidePct>
          <providedLiqudityShr>0</providedLiqudityShr>
          <providedLiquidityPct>0.00</providedLiquidityPct>
          <orderDurationMsec/>
          <providedLiquidityNetCph/>
          <removedLiquidityShr>0</removedLiquidityShr>
          <removedLiquidityPct>0.00</removedLiquidityPct>
          <removedLiquidityNetCph>0.0014</removedLiquidityNetCph>
        </iVenue>
        <iVenue>
          <venueName>ACME</venueName>
          <services>EV/SRV</services>
          <mic>ACME</mic>
          <routedShr>0</routedShr>
          <iocRoutedShr>0</iocRoutedShr>
          <furtherRoutableShr>0</furtherRoutableShr>
          <orderSizeShr>0</orderSizeShr>
          <executedShr>0</executedShr>
          <filledPct>0.00</filledPct>
          <fillSizeShr>0</fillSizeShr>
          <netFeeOrRebateCph>0.0000</netFeeOrRebateCph>
          <midpointShr>0</midpointShr>
          <midpointPct>0.00</midpointPct>
          <nearsideShr>0</nearsideShr>
          <nearsidePct>0.00</nearsidePct>
          <farsideShr>0</farsideShr>
          <farsidePct>0.00</farsidePct>
          <providedLiqudityShr>0</providedLiqudityShr>
          <providedLiquidityPct>0.00</providedLiquidityPct>
          <orderDurationMsec/>
          <providedLiquidityNetCph/>
          <removedLiquidityShr>0</removedLiquidityShr>
          <removedLiquidityPct>0.00</removedLiquidityPct>
          <removedLiquidityNetCph>0.0015</removedLiquidityNetCph>
        </iVenue>
        <iVenue>
          <venueName>ACME</venueName>
          <services>EV/SRV</services>
          <mic>ACME</mic>
          <routedShr>0</routedShr>
          <iocRoutedShr>0</iocRoutedShr>
          <furtherRoutableShr>0</furtherRoutableShr>
          <orderSizeShr>0</orderSizeShr>
          <executedShr>0</executedShr>
          <filledPct>0.00</filledPct>
          <fillSizeShr>0</fillSizeShr>
          <netFeeOrRebateCph>0.0000</netFeeOrRebateCph>
          <midpointShr>0</midpointShr>
          <midpointPct>0.00</midpointPct>
          <nearsideShr>0</nearsideShr>
          <nearsidePct>0.00</nearsidePct>
          <farsideShr>0</farsideShr>
          <farsidePct>0.00</farsidePct>
          <providedLiqudityShr>0</providedLiqudityShr>
          <providedLiquidityPct>0.00</providedLiquidityPct>
          <orderDurationMsec>0</orderDurationMsec>
          <providedLiquidityNetCph/>
          <removedLiquidityShr>0</removedLiquidityShr>
          <removedLiquidityPct>0.00</removedLiquidityPct>
          <removedLiquidityNetCph>0.0016</removedLiquidityNetCph>
        </iVenue>
        <iVenue>
          <venueName>ACME</venueName>
          <services>EV/SRV</services>
          <mic>ACME</mic>
          <routedShr>0</routedShr>
          <iocRoutedShr>0</iocRoutedShr>
          <furtherRoutableShr>0</furtherRoutableShr>
          <orderSizeShr>0</orderSizeShr>
          <executedShr>0</executedShr>
          <filledPct>0.00</filledPct>
          <fillSizeShr>0</fillSizeShr>
          <netFeeOrRebateCph>0.0000</netFeeOrRebateCph>
          <midpointShr>0</midpointShr>
          <midpointPct>0.00</midpointPct>
          <nearsideShr>0</nearsideShr>
          <nearsidePct>0.00</nearsidePct>
          <farsideShr>0</farsideShr>
          <farsidePct>0.00</farsidePct>
          <providedLiqudityShr>0</providedLiqudityShr>
          <providedLiquidityPct>0.00</providedLiquidityPct>
          <orderDurationMsec>0</orderDurationMsec>
          <providedLiquidityNetCph>0.0000</providedLiquidityNetCph>
          <removedLiquidityShr>0</removedLiquidityShr>
          <removedLiquidityPct>0.00</removedLiquidityPct>
          <removedLiquidityNetCph>0.0017</removedLiquidityNetCph>
        </iVenue>
        <iVenue>
          <venueName>ACME</venueName>
          <services>EV/SRV</services>
          <mic>ACME</mic>
          <routedShr>0</routedShr>
          <iocRoutedShr>0</iocRoutedShr>
          <furtherRoutableShr>0</furtherRoutableShr>
          <orderSizeShr>0</orderSizeShr>
          <executedShr>0</executedShr>
          <filledPct>0.00</filledPct>
          <fillSizeShr>0</fillSizeShr>
          <netFeeOrRebateCph>0.0000</netFeeOrRebateCph>
          <midpointShr>0</midpointShr>
          <midpointPct>0.00</midpointPct>
          <nearsideShr>0</nearsideShr>
          <nearsidePct>0.00</nearsidePct>
          <farsideShr>0</farsideShr>
          <farsidePct>0.00</farsidePct>
          <providedLiqudityShr>0</providedLiqudityShr>
          <providedLiquidityPct>0.00</providedLiquidityPct>
          <orderDurationMsec>0</orderDurationMsec>
          <providedLiquidityNetCph/>
          <removedLiquidityShr>0</removedLiquidityShr>
          <removedLiquidityPct>0.00</removedLiquidityPct>
          <removedLiquidityNetCph>0.0018</removedLiquidityNetCph>
        </iVenue>
        <iVenue>
          <venueName>ACME</venueName>
          <services>EV/SRV</services>
          <mic>ACME</mic>
          <routedShr>0</routedShr>
          <iocRoutedShr>0</iocRoutedShr>
          <furtherRoutableShr>0</furtherRoutableShr>
          <orderSizeShr>0</orderSizeShr>
          <executedShr>0</executedShr>
          <filledPct/>
          <fillSizeShr/>
          <netFeeOrRebateCph/>
          <midpointShr/>
          <midpointPct/>
          <nearsideShr/>
          <nearsidePct/>
          <farsideShr/>
          <farsidePct/>
          <providedLiqudityShr/>
          <providedLiquidityPct/>
          <orderDurationMsec/>
          <providedLiquidityNetCph/>
          <removedLiquidityShr/>
          <removedLiquidityPct/>
          <removedLiquidityNetCph>0.0019</removedLiquidityNetCph>
        </iVenue>
        <iVenue>
          <venueName>ACME twenty twenty twenty twenty</venueName>
          <services>EV/SRV</services>
          <mic>ACME</mic>
          <routedShr>0</routedShr>
          <iocRoutedShr>0</iocRoutedShr>
          <furtherRoutableShr>0</furtherRoutableShr>
          <orderSizeShr>0</orderSizeShr>
          <executedShr>0</executedShr>
          <filledPct>0.00</filledPct>
          <fillSizeShr>0</fillSizeShr>
          <netFeeOrRebateCph>0.0000</netFeeOrRebateCph>
          <midpointShr>0</midpointShr>
          <midpointPct>0.00</midpointPct>
          <nearsideShr>0</nearsideShr>
          <nearsidePct>0.00</nearsidePct>
          <farsideShr>0</farsideShr>
          <farsidePct>0.00</farsidePct>
          <providedLiqudityShr>0</providedLiqudityShr>
          <providedLiquidityPct>0.00</providedLiquidityPct>
          <orderDurationMsec>0</orderDurationMsec>
          <providedLiquidityNetCph/>
          <removedLiquidityShr>0</removedLiquidityShr>
          <removedLiquidityPct>0.00</removedLiquidityPct>
          <removedLiquidityNetCph>0.0020</removedLiquidityNetCph>
        </iVenue>
        <iVenue>
          <venueName>ACME twenty-one twenty-one twenty-one</venueName>
          <services>EV/SRV</services>
          <mic>ACME</mic>
          <routedShr>0</routedShr>
          <iocRoutedShr>0</iocRoutedShr>
          <furtherRoutableShr>0</furtherRoutableShr>
          <orderSizeShr>0</orderSizeShr>
          <executedShr>0</executedShr>
          <filledPct>0.00</filledPct>
          <fillSizeShr>0</fillSizeShr>
          <netFeeOrRebateCph>0.0000</netFeeOrRebateCph>
          <midpointShr>0</midpointShr>
          <midpointPct>0.00</midpointPct>
          <nearsideShr>0</nearsideShr>
          <nearsidePct>0.00</nearsidePct>
          <farsideShr>0</farsideShr>
          <farsidePct>0.00</farsidePct>
          <providedLiqudityShr>0</providedLiqudityShr>
          <providedLiquidityPct>0.00</providedLiquidityPct>
          <orderDurationMsec>0</orderDurationMsec>
          <providedLiquidityNetCph/>
          <removedLiquidityShr>0</removedLiquidityShr>
          <removedLiquidityPct>0.00</removedLiquidityPct>
          <removedLiquidityNetCph>0.0021</removedLiquidityNetCph>
        </iVenue>
        <iVenue>
          <venueName>ACME twenty-two twenty-two twenty-two</venueName>
          <services>EV/SRV</services>
          <mic>ACME</mic>
          <routedShr>0</routedShr>
          <iocRoutedShr>0</iocRoutedShr>
          <furtherRoutableShr>0</furtherRoutableShr>
          <orderSizeShr>0</orderSizeShr>
          <executedShr>0</executedShr>
          <filledPct>0.00</filledPct>
          <fillSizeShr>0</fillSizeShr>
          <netFeeOrRebateCph>0.0000</netFeeOrRebateCph>
          <midpointShr>0</midpointShr>
          <midpointPct>0.00</midpointPct>
          <nearsideShr>0</nearsideShr>
          <nearsidePct>0.00</nearsidePct>
          <farsideShr>0</farsideShr>
          <farsidePct>0.00</farsidePct>
          <providedLiqudityShr>0</providedLiqudityShr>
          <providedLiquidityPct>0.00</providedLiquidityPct>
          <orderDurationMsec>0</orderDurationMsec>
          <providedLiquidityNetCph/>
          <removedLiquidityShr>0</removedLiquidityShr>
          <removedLiquidityPct>0.00</removedLiquidityPct>
          <removedLiquidityNetCph>0.0022</removedLiquidityNetCph>
        </iVenue>
        <iVenue>
          <venueName>ACME</venueName>
          <services>EV/SRV</services>
          <mic>ACME</mic>
          <routedShr>0</routedShr>
          <iocRoutedShr>0</iocRoutedShr>
          <furtherRoutableShr>0</furtherRoutableShr>
          <orderSizeShr>0</orderSizeShr>
          <executedShr>0</executedShr>
          <filledPct>0.00</filledPct>
          <fillSizeShr>0</fillSizeShr>
          <netFeeOrRebateCph>0.0000</netFeeOrRebateCph>
          <midpointShr>0</midpointShr>
          <midpointPct>0.00</midpointPct>
          <nearsideShr>0</nearsideShr>
          <nearsidePct>0.00</nearsidePct>
          <farsideShr>0</farsideShr>
          <farsidePct>0.00</farsidePct>
          <providedLiqudityShr>0</providedLiqudityShr>
          <providedLiquidityPct>0.00</providedLiquidityPct>
          <orderDurationMsec>0</orderDurationMsec>
          <providedLiquidityNetCph/>
          <removedLiquidityShr>0</removedLiquidityShr>
          <removedLiquidityPct>0.00</removedLiquidityPct>
          <removedLiquidityNetCph>0.0023</removedLiquidityNetCph>
        </iVenue>
        <iVenue>
          <venueName>ACME</venueName>
          <services>EV/SRV</services>
          <mic>ACME</mic>
          <routedShr>0</routedShr>
          <iocRoutedShr>0</iocRoutedShr>
          <furtherRoutableShr>0</furtherRoutableShr>
          <orderSizeShr>0</orderSizeShr>
          <executedShr>0</executedShr>
          <filledPct>0.00</filledPct>
          <fillSizeShr>0</fillSizeShr>
          <netFeeOrRebateCph>0.0000</netFeeOrRebateCph>
          <midpointShr>0</midpointShr>
          <midpointPct>0.00</midpointPct>
          <nearsideShr>0</nearsideShr>
          <nearsidePct>0.00</nearsidePct>
          <farsideShr>0</farsideShr>
          <farsidePct>0.00</farsidePct>
          <providedLiqudityShr>0</providedLiqudityShr>
          <providedLiquidityPct>0.00</providedLiquidityPct>
          <orderDurationMsec>0</orderDurationMsec>
          <providedLiquidityNetCph/>
          <removedLiquidityShr>0</removedLiquidityShr>
          <removedLiquidityPct>0.00</removedLiquidityPct>
          <removedLiquidityNetCph>0.0024</removedLiquidityNetCph>
        </iVenue>
        <iVenue>
          <venueName>ACME</venueName>
          <services>EV/SRV</services>
          <mic>ACME</mic>
          <routedShr>0</routedShr>
          <iocRoutedShr>0</iocRoutedShr>
          <furtherRoutableShr>0</furtherRoutableShr>
          <orderSizeShr>0</orderSizeShr>
          <executedShr>0</executedShr>
          <filledPct>0.00</filledPct>
          <fillSizeShr>0</fillSizeShr>
          <netFeeOrRebateCph>0.0000</netFeeOrRebateCph>
          <midpointShr>0</midpointShr>
          <midpointPct>0.00</midpointPct>
          <nearsideShr>0</nearsideShr>
          <nearsidePct>0.00</nearsidePct>
          <farsideShr>0</farsideShr>
          <farsidePct>0.00</farsidePct>
          <providedLiqudityShr>0</providedLiqudityShr>
          <providedLiquidityPct>0.00</providedLiquidityPct>
          <orderDurationMsec>0</orderDurationMsec>
          <providedLiquidityNetCph/>
          <removedLiquidityShr>0</removedLiquidityShr>
          <removedLiquidityPct>0.00</removedLiquidityPct>
          <removedLiquidityNetCph>0.0025</removedLiquidityNetCph>
        </iVenue>
        <iVenue>
          <venueName>ACME</venueName>
          <services>EV/SRV</services>
          <mic>ACME</mic>
          <routedShr>0</routedShr>
          <iocRoutedShr>0</iocRoutedShr>
          <furtherRoutableShr>0</furtherRoutableShr>
          <orderSizeShr>0</orderSizeShr>
          <executedShr>0</executedShr>
          <filledPct>0.00</filledPct>
          <fillSizeShr>0</fillSizeShr>
          <netFeeOrRebateCph>0.0000</netFeeOrRebateCph>
          <midpointShr>0</midpointShr>
          <midpointPct>0.00</midpointPct>
          <nearsideShr>0</nearsideShr>
          <nearsidePct>0.00</nearsidePct>
          <farsideShr>0</farsideShr>
          <farsidePct>0.00</farsidePct>
          <providedLiqudityShr>0</providedLiqudityShr>
          <providedLiquidityPct>0.00</providedLiquidityPct>
          <orderDurationMsec>0</orderDurationMsec>
          <providedLiquidityNetCph/>
          <removedLiquidityShr>0</removedLiquidityShr>
          <removedLiquidityPct>0.00</removedLiquidityPct>
          <removedLiquidityNetCph>0.0026</removedLiquidityNetCph>
        </iVenue>
        <iVenue>
          <venueName>ACME</venueName>
          <services>EV/SRV</services>
          <mic>ACME</mic>
          <routedShr>0</routedShr>
          <iocRoutedShr>0</iocRoutedShr>
          <furtherRoutableShr>0</furtherRoutableShr>
          <orderSizeShr>0</orderSizeShr>
          <executedShr>0</executedShr>
          <filledPct/>
          <fillSizeShr/>
          <netFeeOrRebateCph/>
          <midpointShr/>
          <midpointPct/>
          <nearsideShr/>
          <nearsidePct/>
          <farsideShr/>
          <farsidePct/>
          <providedLiqudityShr/>
          <providedLiquidityPct/>
          <orderDurationMsec/>
          <providedLiquidityNetCph/>
          <removedLiquidityShr/>
          <removedLiquidityPct/>
          <removedLiquidityNetCph/>
        </iVenue>
        <iVenue>
          <venueName>ACME</venueName>
          <services>EV/SRV</services>
          <mic>ACME</mic>
          <routedShr>0</routedShr>
          <iocRoutedShr>0</iocRoutedShr>
          <furtherRoutableShr>0</furtherRoutableShr>
          <orderSizeShr>0</orderSizeShr>
          <executedShr>0</executedShr>
          <filledPct>0.00</filledPct>
          <fillSizeShr>0</fillSizeShr>
          <netFeeOrRebateCph>0.0000</netFeeOrRebateCph>
          <midpointShr>0</midpointShr>
          <midpointPct>0.00</midpointPct>
          <nearsideShr>0</nearsideShr>
          <nearsidePct>0.00</nearsidePct>
          <farsideShr>0</farsideShr>
          <farsidePct>0.00</farsidePct>
          <providedLiqudityShr>0</providedLiqudityShr>
          <providedLiquidityPct>0.00</providedLiquidityPct>
          <orderDurationMsec>0</orderDurationMsec>
          <providedLiquidityNetCph/>
          <removedLiquidityShr>0</removedLiquidityShr>
          <removedLiquidityPct>0.00</removedLiquidityPct>
          <removedLiquidityNetCph>0.0028</removedLiquidityNetCph>
        </iVenue>
        <iVenue>
          <venueName>ACME</venueName>
          <services>EV/SRV</services>
          <mic>ACME</mic>
          <routedShr>0</routedShr>
          <iocRoutedShr>0</iocRoutedShr>
          <furtherRoutableShr>0</furtherRoutableShr>
          <orderSizeShr>0</orderSizeShr>
          <executedShr>0</executedShr>
          <filledPct>0.00</filledPct>
          <fillSizeShr>0</fillSizeShr>
          <netFeeOrRebateCph>0.0000</netFeeOrRebateCph>
          <midpointShr>0</midpointShr>
          <midpointPct>0.00</midpointPct>
          <nearsideShr>0</nearsideShr>
          <nearsidePct>0.00</nearsidePct>
          <farsideShr>0</farsideShr>
          <farsidePct>0.00</farsidePct>
          <providedLiqudityShr>0</providedLiqudityShr>
          <providedLiquidityPct>0.00</providedLiquidityPct>
          <orderDurationMsec>0</orderDurationMsec>
          <providedLiquidityNetCph>0.0000</providedLiquidityNetCph>
          <removedLiquidityShr>0</removedLiquidityShr>
          <removedLiquidityPct>0.00</removedLiquidityPct>
          <removedLiquidityNetCph>0.0029</removedLiquidityNetCph>
        </iVenue>
        <iVenue>
          <venueName>ACME</venueName>
          <services>EV/SRV</services>
          <mic>ACME</mic>
          <routedShr>0</routedShr>
          <iocRoutedShr>0</iocRoutedShr>
          <furtherRoutableShr>0</furtherRoutableShr>
          <orderSizeShr>0</orderSizeShr>
          <executedShr>0</executedShr>
          <filledPct>0.00</filledPct>
          <fillSizeShr>0</fillSizeShr>
          <netFeeOrRebateCph>0.0000</netFeeOrRebateCph>
          <midpointShr>0</midpointShr>
          <midpointPct>0.00</midpointPct>
          <nearsideShr>0</nearsideShr>
          <nearsidePct>0.00</nearsidePct>
          <farsideShr>0</farsideShr>
          <farsidePct>0.00</farsidePct>
          <providedLiqudityShr>0</providedLiqudityShr>
          <providedLiquidityPct>0.00</providedLiquidityPct>
          <orderDurationMsec>0</orderDurationMsec>
          <providedLiquidityNetCph>0.0000</providedLiquidityNetCph>
          <removedLiquidityShr>0</removedLiquidityShr>
          <removedLiquidityPct>0.00</removedLiquidityPct>
          <removedLiquidityNetCph>0.0030</removedLiquidityNetCph>
        </iVenue>
        <iVenue>
          <venueName>ACME</venueName>
          <services>EV/SRV</services>
          <mic>ACME</mic>
          <routedShr>0</routedShr>
          <iocRoutedShr>0</iocRoutedShr>
          <furtherRoutableShr>0</furtherRoutableShr>
          <orderSizeShr>0</orderSizeShr>
          <executedShr>0</executedShr>
          <filledPct>0.00</filledPct>
          <fillSizeShr>0</fillSizeShr>
          <netFeeOrRebateCph>0.0000</netFeeOrRebateCph>
          <midpointShr>0</midpointShr>
          <midpointPct>0.00</midpointPct>
          <nearsideShr>0</nearsideShr>
          <nearsidePct>0.00</nearsidePct>
          <farsideShr>0</farsideShr>
          <farsidePct>0.00</farsidePct>
          <providedLiqudityShr>0</providedLiqudityShr>
          <providedLiquidityPct>0.00</providedLiquidityPct>
          <orderDurationMsec>0</orderDurationMsec>
          <providedLiquidityNetCph>0.0000</providedLiquidityNetCph>
          <removedLiquidityShr>0</removedLiquidityShr>
          <removedLiquidityPct>0.00</removedLiquidityPct>
          <removedLiquidityNetCph>0.0031</removedLiquidityNetCph>
        </iVenue>
        <iVenue>
          <venueName>ACME</venueName>
          <services>EV/SRV</services>
          <mic>ACME</mic>
          <routedShr>0</routedShr>
          <iocRoutedShr>0</iocRoutedShr>
          <furtherRoutableShr>0</furtherRoutableShr>
          <orderSizeShr>0</orderSizeShr>
          <executedShr>0</executedShr>
          <filledPct/>
          <fillSizeShr/>
          <netFeeOrRebateCph/>
          <midpointShr/>
          <midpointPct/>
          <nearsideShr/>
          <nearsidePct/>
          <farsideShr/>
          <farsidePct/>
          <providedLiqudityShr/>
          <providedLiquidityPct/>
          <orderDurationMsec/>
          <providedLiquidityNetCph/>
          <removedLiquidityShr/>
          <removedLiquidityPct/>
          <removedLiquidityNetCph/>
        </iVenue>
        <iVenue>
          <venueName>ACME</venueName>
          <services>EV/SRV</services>
          <mic>ACME</mic>
          <routedShr>0</routedShr>
          <iocRoutedShr>0</iocRoutedShr>
          <furtherRoutableShr>0</furtherRoutableShr>
          <orderSizeShr>0</orderSizeShr>
          <executedShr>0</executedShr>
          <filledPct>0.00</filledPct>
          <fillSizeShr>0</fillSizeShr>
          <netFeeOrRebateCph>0.0000</netFeeOrRebateCph>
          <midpointShr>0</midpointShr>
          <midpointPct>0.00</midpointPct>
          <nearsideShr>0</nearsideShr>
          <nearsidePct>0.00</nearsidePct>
          <farsideShr>0</farsideShr>
          <farsidePct>0.00</farsidePct>
          <providedLiqudityShr>0</providedLiqudityShr>
          <providedLiquidityPct>0.00</providedLiquidityPct>
          <orderDurationMsec>0</orderDurationMsec>
          <providedLiquidityNetCph/>
          <removedLiquidityShr>0</removedLiquidityShr>
          <removedLiquidityPct>0.00</removedLiquidityPct>
          <removedLiquidityNetCph>0.0033</removedLiquidityNetCph>
        </iVenue>
        <iVenue>
          <venueName>ACME</venueName>
          <services>EV/SRV</services>
          <mic>ACME</mic>
          <routedShr>0</routedShr>
          <iocRoutedShr>0</iocRoutedShr>
          <furtherRoutableShr>0</furtherRoutableShr>
          <orderSizeShr>0</orderSizeShr>
          <executedShr>0</executedShr>
          <filledPct>0.00</filledPct>
          <fillSizeShr>0</fillSizeShr>
          <netFeeOrRebateCph>0.0000</netFeeOrRebateCph>
          <midpointShr>0</midpointShr>
          <midpointPct>0.00</midpointPct>
          <nearsideShr>0</nearsideShr>
          <nearsidePct>0.00</nearsidePct>
          <farsideShr>0</farsideShr>
          <farsidePct>0.00</farsidePct>
          <providedLiqudityShr>0</providedLiqudityShr>
          <providedLiquidityPct>0.00</providedLiquidityPct>
          <orderDurationMsec>0</orderDurationMsec>
          <providedLiquidityNetCph/>
          <removedLiquidityShr>0</removedLiquidityShr>
          <removedLiquidityPct>0.00</removedLiquidityPct>
          <removedLiquidityNetCph>0.0034</removedLiquidityNetCph>
        </iVenue>
        <iVenue>
          <venueName>ACME</venueName>
          <services>EV/SRV</services>
          <mic>ACME</mic>
          <routedShr>0</routedShr>
          <iocRoutedShr>0</iocRoutedShr>
          <furtherRoutableShr>0</furtherRoutableShr>
          <orderSizeShr>0</orderSizeShr>
          <executedShr>0</executedShr>
          <filledPct>0.00</filledPct>
          <fillSizeShr>0</fillSizeShr>
          <netFeeOrRebateCph>0.0000</netFeeOrRebateCph>
          <midpointShr>0</midpointShr>
          <midpointPct>0.00</midpointPct>
          <nearsideShr>0</nearsideShr>
          <nearsidePct>0.00</nearsidePct>
          <farsideShr>0</farsideShr>
          <farsidePct>0.00</farsidePct>
          <providedLiqudityShr>0</providedLiqudityShr>
          <providedLiquidityPct>0.00</providedLiquidityPct>
          <orderDurationMsec>0</orderDurationMsec>
          <providedLiquidityNetCph/>
          <removedLiquidityShr>0</removedLiquidityShr>
          <removedLiquidityPct>0.00</removedLiquidityPct>
          <removedLiquidityNetCph>0.0035</removedLiquidityNetCph>
        </iVenue>
        <iVenue>
          <venueName>ACME</venueName>
          <services>EV/SRV</services>
          <mic>ACME</mic>
          <routedShr>0</routedShr>
          <iocRoutedShr>0</iocRoutedShr>
          <furtherRoutableShr>0</furtherRoutableShr>
          <orderSizeShr>0</orderSizeShr>
          <executedShr>0</executedShr>
          <filledPct>0.00</filledPct>
          <fillSizeShr>0</fillSizeShr>
          <netFeeOrRebateCph>0.0000</netFeeOrRebateCph>
          <midpointShr>0</midpointShr>
          <midpointPct>0.00</midpointPct>
          <nearsideShr>0</nearsideShr>
          <nearsidePct>0.00</nearsidePct>
          <farsideShr>0</farsideShr>
          <farsidePct>0.00</farsidePct>
          <providedLiqudityShr>0</providedLiqudityShr>
          <providedLiquidityPct>0.00</providedLiquidityPct>
          <orderDurationMsec>0</orderDurationMsec>
          <providedLiquidityNetCph>0.0000</providedLiquidityNetCph>
          <removedLiquidityShr>0</removedLiquidityShr>
          <removedLiquidityPct>0.00</removedLiquidityPct>
          <removedLiquidityNetCph>0.0036</removedLiquidityNetCph>
        </iVenue>
        <iVenue>
          <venueName>ACME</venueName>
          <services>EV/SRV</services>
          <mic>ACME</mic>
          <routedShr>0</routedShr>
          <iocRoutedShr>0</iocRoutedShr>
          <furtherRoutableShr>0</furtherRoutableShr>
          <orderSizeShr>0</orderSizeShr>
          <executedShr>0</executedShr>
          <filledPct>0.00</filledPct>
          <fillSizeShr>0</fillSizeShr>
          <netFeeOrRebateCph>0.0000</netFeeOrRebateCph>
          <midpointShr>0</midpointShr>
          <midpointPct>0.00</midpointPct>
          <nearsideShr>0</nearsideShr>
          <nearsidePct>0.00</nearsidePct>
          <farsideShr>0</farsideShr>
          <farsidePct>0.00</farsidePct>
          <providedLiqudityShr>0</providedLiqudityShr>
          <providedLiquidityPct>0.00</providedLiquidityPct>
          <orderDurationMsec>0</orderDurationMsec>
          <providedLiquidityNetCph/>
          <removedLiquidityShr>0</removedLiquidityShr>
          <removedLiquidityPct>0.00</removedLiquidityPct>
          <removedLiquidityNetCph>0.0037</removedLiquidityNetCph>
        </iVenue>
        <iVenue>
          <venueName>ACME</venueName>
          <services>EV/SRV</services>
          <mic>ACME</mic>
          <routedShr>0</routedShr>
          <iocRoutedShr>0</iocRoutedShr>
          <furtherRoutableShr>0</furtherRoutableShr>
          <orderSizeShr>0</orderSizeShr>
          <executedShr>0</executedShr>
          <filledPct>0.00</filledPct>
          <fillSizeShr>0</fillSizeShr>
          <netFeeOrRebateCph>0.0000</netFeeOrRebateCph>
          <midpointShr>0</midpointShr>
          <midpointPct>0.00</midpointPct>
          <nearsideShr>0</nearsideShr>
          <nearsidePct>0.00</nearsidePct>
          <farsideShr>0</farsideShr>
          <farsidePct>0.00</farsidePct>
          <providedLiqudityShr>0</providedLiqudityShr>
          <providedLiquidityPct>0.00</providedLiquidityPct>
          <orderDurationMsec>0</orderDurationMsec>
          <providedLiquidityNetCph/>
          <removedLiquidityShr>0</removedLiquidityShr>
          <removedLiquidityPct>0.00</removedLiquidityPct>
          <removedLiquidityNetCph>0.0038</removedLiquidityNetCph>
        </iVenue>
        <iVenue>
          <venueName>ACME</venueName>
          <services>EV/SRV</services>
          <mic>ACME</mic>
          <routedShr>0</routedShr>
          <iocRoutedShr>0</iocRoutedShr>
          <furtherRoutableShr>0</furtherRoutableShr>
          <orderSizeShr>0</orderSizeShr>
          <executedShr>0</executedShr>
          <filledPct>0.00</filledPct>
          <fillSizeShr>0</fillSizeShr>
          <netFeeOrRebateCph>0.0000</netFeeOrRebateCph>
          <midpointShr>0</midpointShr>
          <midpointPct>0.00</midpointPct>
          <nearsideShr>0</nearsideShr>
          <nearsidePct>0.00</nearsidePct>
          <farsideShr>0</farsideShr>
          <farsidePct>0.00</farsidePct>
          <providedLiqudityShr>0</providedLiqudityShr>
          <providedLiquidityPct>0.00</providedLiquidityPct>
          <orderDurationMsec>0</orderDurationMsec>
          <providedLiquidityNetCph/>
          <removedLiquidityShr>0</removedLiquidityShr>
          <removedLiquidityPct>0.00</removedLiquidityPct>
          <removedLiquidityNetCph>0.0039</removedLiquidityNetCph>
        </iVenue>
        <iVenue>
          <venueName>ACME</venueName>
          <services>EV/SRV</services>
          <mic>ACME</mic>
          <routedShr>0</routedShr>
          <iocRoutedShr>0</iocRoutedShr>
          <furtherRoutableShr>0</furtherRoutableShr>
          <orderSizeShr>0</orderSizeShr>
          <executedShr>0</executedShr>
          <filledPct>0.00</filledPct>
          <fillSizeShr>0</fillSizeShr>
          <netFeeOrRebateCph>0.0000</netFeeOrRebateCph>
          <midpointShr>0</midpointShr>
          <midpointPct>0.00</midpointPct>
          <nearsideShr>0</nearsideShr>
          <nearsidePct>0.00</nearsidePct>
          <farsideShr>0</farsideShr>
          <farsidePct>0.00</farsidePct>
          <providedLiqudityShr>0</providedLiqudityShr>
          <providedLiquidityPct>0.00</providedLiquidityPct>
          <orderDurationMsec>0</orderDurationMsec>
          <providedLiquidityNetCph/>
          <removedLiquidityShr>0</removedLiquidityShr>
          <removedLiquidityPct>0.00</removedLiquidityPct>
          <removedLiquidityNetCph>0.0040</removedLiquidityNetCph>
        </iVenue><iVenue>
          <venueName>ACME</venueName>
          <services>EV/SRV</services>
          <mic>ACME</mic>
          <routedShr>0</routedShr>
          <iocRoutedShr>0</iocRoutedShr>
          <furtherRoutableShr>0</furtherRoutableShr>
          <orderSizeShr>0</orderSizeShr>
          <executedShr>0</executedShr>
          <filledPct>0.00</filledPct>
          <fillSizeShr>0</fillSizeShr>
          <netFeeOrRebateCph>0.0000</netFeeOrRebateCph>
          <midpointShr>0</midpointShr>
          <midpointPct>0.00</midpointPct>
          <nearsideShr>0</nearsideShr>
          <nearsidePct>0.00</nearsidePct>
          <farsideShr>0</farsideShr>
          <farsidePct>0.00</farsidePct>
          <providedLiqudityShr>0</providedLiqudityShr>
          <providedLiquidityPct>0.00</providedLiquidityPct>
          <orderDurationMsec>0</orderDurationMsec>
          <providedLiquidityNetCph/>
          <removedLiquidityShr>0</removedLiquidityShr>
          <removedLiquidityPct>0.00</removedLiquidityPct>
          <removedLiquidityNetCph>0.0040</removedLiquidityNetCph>
        </iVenue><iVenue>
          <venueName>ACME</venueName>
          <services>EV/SRV</services>
          <mic>ACME</mic>
          <routedShr>0</routedShr>
          <iocRoutedShr>0</iocRoutedShr>
          <furtherRoutableShr>0</furtherRoutableShr>
          <orderSizeShr>0</orderSizeShr>
          <executedShr>0</executedShr>
          <filledPct>0.00</filledPct>
          <fillSizeShr>0</fillSizeShr>
          <netFeeOrRebateCph>0.0000</netFeeOrRebateCph>
          <midpointShr>0</midpointShr>
          <midpointPct>0.00</midpointPct>
          <nearsideShr>0</nearsideShr>
          <nearsidePct>0.00</nearsidePct>
          <farsideShr>0</farsideShr>
          <farsidePct>0.00</farsidePct>
          <providedLiqudityShr>0</providedLiqudityShr>
          <providedLiquidityPct>0.00</providedLiquidityPct>
          <orderDurationMsec>0</orderDurationMsec>
          <providedLiquidityNetCph/>
          <removedLiquidityShr>0</removedLiquidityShr>
          <removedLiquidityPct>0.00</removedLiquidityPct>
          <removedLiquidityNetCph>0.0041</removedLiquidityNetCph>
        </iVenue><iVenue>
          <venueName>ACME</venueName>
          <services>EV/SRV</services>
          <mic>ACME</mic>
          <routedShr>0</routedShr>
          <iocRoutedShr>0</iocRoutedShr>
          <furtherRoutableShr>0</furtherRoutableShr>
          <orderSizeShr>0</orderSizeShr>
          <executedShr>0</executedShr>
          <filledPct>0.00</filledPct>
          <fillSizeShr>0</fillSizeShr>
          <netFeeOrRebateCph>0.0000</netFeeOrRebateCph>
          <midpointShr>0</midpointShr>
          <midpointPct>0.00</midpointPct>
          <nearsideShr>0</nearsideShr>
          <nearsidePct>0.00</nearsidePct>
          <farsideShr>0</farsideShr>
          <farsidePct>0.00</farsidePct>
          <providedLiqudityShr>0</providedLiqudityShr>
          <providedLiquidityPct>0.00</providedLiquidityPct>
          <orderDurationMsec>0</orderDurationMsec>
          <providedLiquidityNetCph/>
          <removedLiquidityShr>0</removedLiquidityShr>
          <removedLiquidityPct>0.00</removedLiquidityPct>
          <removedLiquidityNetCph>0.0042</removedLiquidityNetCph>
        </iVenue><iVenue>
          <venueName>ACME</venueName>
          <services>EV/SRV</services>
          <mic>ACME</mic>
          <routedShr>0</routedShr>
          <iocRoutedShr>0</iocRoutedShr>
          <furtherRoutableShr>0</furtherRoutableShr>
          <orderSizeShr>0</orderSizeShr>
          <executedShr>0</executedShr>
          <filledPct>0.00</filledPct>
          <fillSizeShr>0</fillSizeShr>
          <netFeeOrRebateCph>0.0000</netFeeOrRebateCph>
          <midpointShr>0</midpointShr>
          <midpointPct>0.00</midpointPct>
          <nearsideShr>0</nearsideShr>
          <nearsidePct>0.00</nearsidePct>
          <farsideShr>0</farsideShr>
          <farsidePct>0.00</farsidePct>
          <providedLiqudityShr>0</providedLiqudityShr>
          <providedLiquidityPct>0.00</providedLiquidityPct>
          <orderDurationMsec>0</orderDurationMsec>
          <providedLiquidityNetCph/>
          <removedLiquidityShr>0</removedLiquidityShr>
          <removedLiquidityPct>0.00</removedLiquidityPct>
          <removedLiquidityNetCph>0.0043</removedLiquidityNetCph>
        </iVenue><iVenue>
          <venueName>ACME</venueName>
          <services>EV/SRV</services>
          <mic>ACME</mic>
          <routedShr>0</routedShr>
          <iocRoutedShr>0</iocRoutedShr>
          <furtherRoutableShr>0</furtherRoutableShr>
          <orderSizeShr>0</orderSizeShr>
          <executedShr>0</executedShr>
          <filledPct>0.00</filledPct>
          <fillSizeShr>0</fillSizeShr>
          <netFeeOrRebateCph>0.0000</netFeeOrRebateCph>
          <midpointShr>0</midpointShr>
          <midpointPct>0.00</midpointPct>
          <nearsideShr>0</nearsideShr>
          <nearsidePct>0.00</nearsidePct>
          <farsideShr>0</farsideShr>
          <farsidePct>0.00</farsidePct>
          <providedLiqudityShr>0</providedLiqudityShr>
          <providedLiquidityPct>0.00</providedLiquidityPct>
          <orderDurationMsec>0</orderDurationMsec>
          <providedLiquidityNetCph/>
          <removedLiquidityShr>0</removedLiquidityShr>
          <removedLiquidityPct>0.00</removedLiquidityPct>
          <removedLiquidityNetCph>0.0044</removedLiquidityNetCph>
        </iVenue><iVenue>
          <venueName>ACME</venueName>
          <services>EV/SRV</services>
          <mic>ACME</mic>
          <routedShr>0</routedShr>
          <iocRoutedShr>0</iocRoutedShr>
          <furtherRoutableShr>0</furtherRoutableShr>
          <orderSizeShr>0</orderSizeShr>
          <executedShr>0</executedShr>
          <filledPct>0.00</filledPct>
          <fillSizeShr>0</fillSizeShr>
          <netFeeOrRebateCph>0.0000</netFeeOrRebateCph>
          <midpointShr>0</midpointShr>
          <midpointPct>0.00</midpointPct>
          <nearsideShr>0</nearsideShr>
          <nearsidePct>0.00</nearsidePct>
          <farsideShr>0</farsideShr>
          <farsidePct>0.00</farsidePct>
          <providedLiqudityShr>0</providedLiqudityShr>
          <providedLiquidityPct>0.00</providedLiquidityPct>
          <orderDurationMsec>0</orderDurationMsec>
          <providedLiquidityNetCph/>
          <removedLiquidityShr>0</removedLiquidityShr>
          <removedLiquidityPct>0.00</removedLiquidityPct>
          <removedLiquidityNetCph>0.0045</removedLiquidityNetCph>
        </iVenue><iVenue>
          <venueName>ACME</venueName>
          <services>EV/SRV</services>
          <mic>ACME</mic>
          <routedShr>0</routedShr>
          <iocRoutedShr>0</iocRoutedShr>
          <furtherRoutableShr>0</furtherRoutableShr>
          <orderSizeShr>0</orderSizeShr>
          <executedShr>0</executedShr>
          <filledPct>0.00</filledPct>
          <fillSizeShr>0</fillSizeShr>
          <netFeeOrRebateCph>0.0000</netFeeOrRebateCph>
          <midpointShr>0</midpointShr>
          <midpointPct>0.00</midpointPct>
          <nearsideShr>0</nearsideShr>
          <nearsidePct>0.00</nearsidePct>
          <farsideShr>0</farsideShr>
          <farsidePct>0.00</farsidePct>
          <providedLiqudityShr>0</providedLiqudityShr>
          <providedLiquidityPct>0.00</providedLiquidityPct>
          <orderDurationMsec>0</orderDurationMsec>
          <providedLiquidityNetCph/>
          <removedLiquidityShr>0</removedLiquidityShr>
          <removedLiquidityPct>0.00</removedLiquidityPct>
          <removedLiquidityNetCph>0.0046</removedLiquidityNetCph>
        </iVenue><iVenue>
          <venueName>ACME</venueName>
          <services>EV/SRV</services>
          <mic>ACME</mic>
          <routedShr>0</routedShr>
          <iocRoutedShr>0</iocRoutedShr>
          <furtherRoutableShr>0</furtherRoutableShr>
          <orderSizeShr>0</orderSizeShr>
          <executedShr>0</executedShr>
          <filledPct>0.00</filledPct>
          <fillSizeShr>0</fillSizeShr>
          <netFeeOrRebateCph>0.0000</netFeeOrRebateCph>
          <midpointShr>0</midpointShr>
          <midpointPct>0.00</midpointPct>
          <nearsideShr>0</nearsideShr>
          <nearsidePct>0.00</nearsidePct>
          <farsideShr>0</farsideShr>
          <farsidePct>0.00</farsidePct>
          <providedLiqudityShr>0</providedLiqudityShr>
          <providedLiquidityPct>0.00</providedLiquidityPct>
          <orderDurationMsec>0</orderDurationMsec>
          <providedLiquidityNetCph/>
          <removedLiquidityShr>0</removedLiquidityShr>
          <removedLiquidityPct>0.00</removedLiquidityPct>
          <removedLiquidityNetCph>0.0047</removedLiquidityNetCph>
        </iVenue><iVenue>
          <venueName>ACME</venueName>
          <services>EV/SRV</services>
          <mic>ACME</mic>
          <routedShr>0</routedShr>
          <iocRoutedShr>0</iocRoutedShr>
          <furtherRoutableShr>0</furtherRoutableShr>
          <orderSizeShr>0</orderSizeShr>
          <executedShr>0</executedShr>
          <filledPct>0.00</filledPct>
          <fillSizeShr>0</fillSizeShr>
          <netFeeOrRebateCph>0.0000</netFeeOrRebateCph>
          <midpointShr>0</midpointShr>
          <midpointPct>0.00</midpointPct>
          <nearsideShr>0</nearsideShr>
          <nearsidePct>0.00</nearsidePct>
          <farsideShr>0</farsideShr>
          <farsidePct>0.00</farsidePct>
          <providedLiqudityShr>0</providedLiqudityShr>
          <providedLiquidityPct>0.00</providedLiquidityPct>
          <orderDurationMsec>0</orderDurationMsec>
          <providedLiquidityNetCph/>
          <removedLiquidityShr>0</removedLiquidityShr>
          <removedLiquidityPct>0.00</removedLiquidityPct>
          <removedLiquidityNetCph>0.0048</removedLiquidityNetCph>
        </iVenue><iVenue>
          <venueName>ACME</venueName>
          <services>EV/SRV</services>
          <mic>ACME</mic>
          <routedShr>0</routedShr>
          <iocRoutedShr>0</iocRoutedShr>
          <furtherRoutableShr>0</furtherRoutableShr>
          <orderSizeShr>0</orderSizeShr>
          <executedShr>0</executedShr>
          <filledPct>0.00</filledPct>
          <fillSizeShr>0</fillSizeShr>
          <netFeeOrRebateCph>0.0000</netFeeOrRebateCph>
          <midpointShr>0</midpointShr>
          <midpointPct>0.00</midpointPct>
          <nearsideShr>0</nearsideShr>
          <nearsidePct>0.00</nearsidePct>
          <farsideShr>0</farsideShr>
          <farsidePct>0.00</farsidePct>
          <providedLiqudityShr>0</providedLiqudityShr>
          <providedLiquidityPct>0.00</providedLiquidityPct>
          <orderDurationMsec>0</orderDurationMsec>
          <providedLiquidityNetCph/>
          <removedLiquidityShr>0</removedLiquidityShr>
          <removedLiquidityPct>0.00</removedLiquidityPct>
          <removedLiquidityNetCph>0.0049</removedLiquidityNetCph>
        </iVenue><iVenue>
          <venueName>ACME</venueName>
          <services>EV/SRV</services>
          <mic>ACME</mic>
          <routedShr>0</routedShr>
          <iocRoutedShr>0</iocRoutedShr>
          <furtherRoutableShr>0</furtherRoutableShr>
          <orderSizeShr>0</orderSizeShr>
          <executedShr>0</executedShr>
          <filledPct>0.00</filledPct>
          <fillSizeShr>0</fillSizeShr>
          <netFeeOrRebateCph>0.0000</netFeeOrRebateCph>
          <midpointShr>0</midpointShr>
          <midpointPct>0.00</midpointPct>
          <nearsideShr>0</nearsideShr>
          <nearsidePct>0.00</nearsidePct>
          <farsideShr>0</farsideShr>
          <farsidePct>0.00</farsidePct>
          <providedLiqudityShr>0</providedLiqudityShr>
          <providedLiquidityPct>0.00</providedLiquidityPct>
          <orderDurationMsec>0</orderDurationMsec>
          <providedLiquidityNetCph/>
          <removedLiquidityShr>0</removedLiquidityShr>
          <removedLiquidityPct>0.00</removedLiquidityPct>
          <removedLiquidityNetCph>0.0050</removedLiquidityNetCph>
        </iVenue><iVenue>
          <venueName>ACME</venueName>
          <services>EV/SRV</services>
          <mic>ACME</mic>
          <routedShr>0</routedShr>
          <iocRoutedShr>0</iocRoutedShr>
          <furtherRoutableShr>0</furtherRoutableShr>
          <orderSizeShr>0</orderSizeShr>
          <executedShr>0</executedShr>
          <filledPct>0.00</filledPct>
          <fillSizeShr>0</fillSizeShr>
          <netFeeOrRebateCph>0.0000</netFeeOrRebateCph>
          <midpointShr>0</midpointShr>
          <midpointPct>0.00</midpointPct>
          <nearsideShr>0</nearsideShr>
          <nearsidePct>0.00</nearsidePct>
          <farsideShr>0</farsideShr>
          <farsidePct>0.00</farsidePct>
          <providedLiqudityShr>0</providedLiqudityShr>
          <providedLiquidityPct>0.00</providedLiquidityPct>
          <orderDurationMsec>0</orderDurationMsec>
          <providedLiquidityNetCph/>
          <removedLiquidityShr>0</removedLiquidityShr>
          <removedLiquidityPct>0.00</removedLiquidityPct>
          <removedLiquidityNetCph>0.0051</removedLiquidityNetCph>
        </iVenue><iVenue>
          <venueName>ACME fifty-two fifty-two fifty-two</venueName>
          <services>EV/SRV</services>
          <mic>ACME</mic>
          <routedShr>0</routedShr>
          <iocRoutedShr>0</iocRoutedShr>
          <furtherRoutableShr>0</furtherRoutableShr>
          <orderSizeShr>0</orderSizeShr>
          <executedShr>0</executedShr>
          <filledPct>0.00</filledPct>
          <fillSizeShr>0</fillSizeShr>
          <netFeeOrRebateCph>0.0000</netFeeOrRebateCph>
          <midpointShr>0</midpointShr>
          <midpointPct>0.00</midpointPct>
          <nearsideShr>0</nearsideShr>
          <nearsidePct>0.00</nearsidePct>
          <farsideShr>0</farsideShr>
          <farsidePct>0.00</farsidePct>
          <providedLiqudityShr>0</providedLiqudityShr>
          <providedLiquidityPct>0.00</providedLiquidityPct>
          <orderDurationMsec>0</orderDurationMsec>
          <providedLiquidityNetCph/>
          <removedLiquidityShr>0</removedLiquidityShr>
          <removedLiquidityPct>0.00</removedLiquidityPct>
          <removedLiquidityNetCph>0.0052</removedLiquidityNetCph>
        </iVenue><iVenue>
          <venueName>ACME fifty-three fifty-three fifty-three fifty-three</venueName>
          <services>EV/SRV</services>
          <mic>ACME</mic>
          <routedShr>0</routedShr>
          <iocRoutedShr>0</iocRoutedShr>
          <furtherRoutableShr>0</furtherRoutableShr>
          <orderSizeShr>0</orderSizeShr>
          <executedShr>0</executedShr>
          <filledPct>0.00</filledPct>
          <fillSizeShr>0</fillSizeShr>
          <netFeeOrRebateCph>0.0000</netFeeOrRebateCph>
          <midpointShr>0</midpointShr>
          <midpointPct>0.00</midpointPct>
          <nearsideShr>0</nearsideShr>
          <nearsidePct>0.00</nearsidePct>
          <farsideShr>0</farsideShr>
          <farsidePct>0.00</farsidePct>
          <providedLiqudityShr>0</providedLiqudityShr>
          <providedLiquidityPct>0.00</providedLiquidityPct>
          <orderDurationMsec>0</orderDurationMsec>
          <providedLiquidityNetCph/>
          <removedLiquidityShr>0</removedLiquidityShr>
          <removedLiquidityPct>0.00</removedLiquidityPct>
          <removedLiquidityNetCph>0.0053</removedLiquidityNetCph>
        </iVenue><iVenue>
          <venueName>ACME</venueName>
          <services>EV/SRV</services>
          <mic>ACME</mic>
          <routedShr>0</routedShr>
          <iocRoutedShr>0</iocRoutedShr>
          <furtherRoutableShr>0</furtherRoutableShr>
          <orderSizeShr>0</orderSizeShr>
          <executedShr>0</executedShr>
          <filledPct>0.00</filledPct>
          <fillSizeShr>0</fillSizeShr>
          <netFeeOrRebateCph>0.0000</netFeeOrRebateCph>
          <midpointShr>0</midpointShr>
          <midpointPct>0.00</midpointPct>
          <nearsideShr>0</nearsideShr>
          <nearsidePct>0.00</nearsidePct>
          <farsideShr>0</farsideShr>
          <farsidePct>0.00</farsidePct>
          <providedLiqudityShr>0</providedLiqudityShr>
          <providedLiquidityPct>0.00</providedLiquidityPct>
          <orderDurationMsec>0</orderDurationMsec>
          <providedLiquidityNetCph/>
          <removedLiquidityShr>0</removedLiquidityShr>
          <removedLiquidityPct>0.00</removedLiquidityPct>
          <removedLiquidityNetCph>0.0054</removedLiquidityNetCph>
        </iVenue><iVenue>
          <venueName>ACME</venueName>
          <services>EV/SRV</services>
          <mic>ACME</mic>
          <routedShr>0</routedShr>
          <iocRoutedShr>0</iocRoutedShr>
          <furtherRoutableShr>0</furtherRoutableShr>
          <orderSizeShr>0</orderSizeShr>
          <executedShr>0</executedShr>
          <filledPct>0.00</filledPct>
          <fillSizeShr>0</fillSizeShr>
          <netFeeOrRebateCph>0.0000</netFeeOrRebateCph>
          <midpointShr>0</midpointShr>
          <midpointPct>0.00</midpointPct>
          <nearsideShr>0</nearsideShr>
          <nearsidePct>0.00</nearsidePct>
          <farsideShr>0</farsideShr>
          <farsidePct>0.00</farsidePct>
          <providedLiqudityShr>0</providedLiqudityShr>
          <providedLiquidityPct>0.00</providedLiquidityPct>
          <orderDurationMsec>0</orderDurationMsec>
          <providedLiquidityNetCph/>
          <removedLiquidityShr>0</removedLiquidityShr>
          <removedLiquidityPct>0.00</removedLiquidityPct>
          <removedLiquidityNetCph>0.0055</removedLiquidityNetCph>
        </iVenue><iVenue>
          <venueName>ACME</venueName>
          <services>EV/SRV</services>
          <mic>ACME</mic>
          <routedShr>0</routedShr>
          <iocRoutedShr>0</iocRoutedShr>
          <furtherRoutableShr>0</furtherRoutableShr>
          <orderSizeShr>0</orderSizeShr>
          <executedShr>0</executedShr>
          <filledPct>0.00</filledPct>
          <fillSizeShr>0</fillSizeShr>
          <netFeeOrRebateCph>0.0000</netFeeOrRebateCph>
          <midpointShr>0</midpointShr>
          <midpointPct>0.00</midpointPct>
          <nearsideShr>0</nearsideShr>
          <nearsidePct>0.00</nearsidePct>
          <farsideShr>0</farsideShr>
          <farsidePct>0.00</farsidePct>
          <providedLiqudityShr>0</providedLiqudityShr>
          <providedLiquidityPct>0.00</providedLiquidityPct>
          <orderDurationMsec>0</orderDurationMsec>
          <providedLiquidityNetCph/>
          <removedLiquidityShr>0</removedLiquidityShr>
          <removedLiquidityPct>0.00</removedLiquidityPct>
          <removedLiquidityNetCph>0.0056</removedLiquidityNetCph>
        </iVenue><iVenue>
          <venueName>ACME</venueName>
          <services>EV/SRV</services>
          <mic>ACME</mic>
          <routedShr>0</routedShr>
          <iocRoutedShr>0</iocRoutedShr>
          <furtherRoutableShr>0</furtherRoutableShr>
          <orderSizeShr>0</orderSizeShr>
          <executedShr>0</executedShr>
          <filledPct>0.00</filledPct>
          <fillSizeShr>0</fillSizeShr>
          <netFeeOrRebateCph>0.0000</netFeeOrRebateCph>
          <midpointShr>0</midpointShr>
          <midpointPct>0.00</midpointPct>
          <nearsideShr>0</nearsideShr>
          <nearsidePct>0.00</nearsidePct>
          <farsideShr>0</farsideShr>
          <farsidePct>0.00</farsidePct>
          <providedLiqudityShr>0</providedLiqudityShr>
          <providedLiquidityPct>0.00</providedLiquidityPct>
          <orderDurationMsec>0</orderDurationMsec>
          <providedLiquidityNetCph/>
          <removedLiquidityShr>0</removedLiquidityShr>
          <removedLiquidityPct>0.00</removedLiquidityPct>
          <removedLiquidityNetCph>0.0057</removedLiquidityNetCph>
        </iVenue><iVenue>
          <venueName>ACME</venueName>
          <services>EV/SRV</services>
          <mic>ACME</mic>
          <routedShr>0</routedShr>
          <iocRoutedShr>0</iocRoutedShr>
          <furtherRoutableShr>0</furtherRoutableShr>
          <orderSizeShr>0</orderSizeShr>
          <executedShr>0</executedShr>
          <filledPct>0.00</filledPct>
          <fillSizeShr>0</fillSizeShr>
          <netFeeOrRebateCph>0.0000</netFeeOrRebateCph>
          <midpointShr>0</midpointShr>
          <midpointPct>0.00</midpointPct>
          <nearsideShr>0</nearsideShr>
          <nearsidePct>0.00</nearsidePct>
          <farsideShr>0</farsideShr>
          <farsidePct>0.00</farsidePct>
          <providedLiqudityShr>0</providedLiqudityShr>
          <providedLiquidityPct>0.00</providedLiquidityPct>
          <orderDurationMsec>0</orderDurationMsec>
          <providedLiquidityNetCph/>
          <removedLiquidityShr>0</removedLiquidityShr>
          <removedLiquidityPct>0.00</removedLiquidityPct>
          <removedLiquidityNetCph>0.0058</removedLiquidityNetCph>
        </iVenue><iVenue>
          <venueName>ACME</venueName>
          <services>EV/SRV</services>
          <mic>ACME</mic>
          <routedShr>0</routedShr>
          <iocRoutedShr>0</iocRoutedShr>
          <furtherRoutableShr>0</furtherRoutableShr>
          <orderSizeShr>0</orderSizeShr>
          <executedShr>0</executedShr>
          <filledPct>0.00</filledPct>
          <fillSizeShr>0</fillSizeShr>
          <netFeeOrRebateCph>0.0000</netFeeOrRebateCph>
          <midpointShr>0</midpointShr>
          <midpointPct>0.00</midpointPct>
          <nearsideShr>0</nearsideShr>
          <nearsidePct>0.00</nearsidePct>
          <farsideShr>0</farsideShr>
          <farsidePct>0.00</farsidePct>
          <providedLiqudityShr>0</providedLiqudityShr>
          <providedLiquidityPct>0.00</providedLiquidityPct>
          <orderDurationMsec>0</orderDurationMsec>
          <providedLiquidityNetCph/>
          <removedLiquidityShr>0</removedLiquidityShr>
          <removedLiquidityPct>0.00</removedLiquidityPct>
          <removedLiquidityNetCph>0.0059</removedLiquidityNetCph>
        </iVenue><iVenue>
          <venueName>ACME</venueName>
          <services>EV/SRV</services>
          <mic>ACME</mic>
          <routedShr>0</routedShr>
          <iocRoutedShr>0</iocRoutedShr>
          <furtherRoutableShr>0</furtherRoutableShr>
          <orderSizeShr>0</orderSizeShr>
          <executedShr>0</executedShr>
          <filledPct>0.00</filledPct>
          <fillSizeShr>0</fillSizeShr>
          <netFeeOrRebateCph>0.0000</netFeeOrRebateCph>
          <midpointShr>0</midpointShr>
          <midpointPct>0.00</midpointPct>
          <nearsideShr>0</nearsideShr>
          <nearsidePct>0.00</nearsidePct>
          <farsideShr>0</farsideShr>
          <farsidePct>0.00</farsidePct>
          <providedLiqudityShr>0</providedLiqudityShr>
          <providedLiquidityPct>0.00</providedLiquidityPct>
          <orderDurationMsec>0</orderDurationMsec>
          <providedLiquidityNetCph/>
          <removedLiquidityShr>0</removedLiquidityShr>
          <removedLiquidityPct>0.00</removedLiquidityPct>
          <removedLiquidityNetCph>0.0060</removedLiquidityNetCph>
        </iVenue><iVenue>
          <venueName>ACME</venueName>
          <services>EV/SRV</services>
          <mic>ACME</mic>
          <routedShr>0</routedShr>
          <iocRoutedShr>0</iocRoutedShr>
          <furtherRoutableShr>0</furtherRoutableShr>
          <orderSizeShr>0</orderSizeShr>
          <executedShr>0</executedShr>
          <filledPct>0.00</filledPct>
          <fillSizeShr>0</fillSizeShr>
          <netFeeOrRebateCph>0.0000</netFeeOrRebateCph>
          <midpointShr>0</midpointShr>
          <midpointPct>0.00</midpointPct>
          <nearsideShr>0</nearsideShr>
          <nearsidePct>0.00</nearsidePct>
          <farsideShr>0</farsideShr>
          <farsidePct>0.00</farsidePct>
          <providedLiqudityShr>0</providedLiqudityShr>
          <providedLiquidityPct>0.00</providedLiquidityPct>
          <orderDurationMsec>0</orderDurationMsec>
          <providedLiquidityNetCph/>
          <removedLiquidityShr>0</removedLiquidityShr>
          <removedLiquidityPct>0.00</removedLiquidityPct>
          <removedLiquidityNetCph>0.0061</removedLiquidityNetCph>
        </iVenue><iVenue>
          <venueName>ACME</venueName>
          <services>EV/SRV</services>
          <mic>ACME</mic>
          <routedShr>0</routedShr>
          <iocRoutedShr>0</iocRoutedShr>
          <furtherRoutableShr>0</furtherRoutableShr>
          <orderSizeShr>0</orderSizeShr>
          <executedShr>0</executedShr>
          <filledPct>0.00</filledPct>
          <fillSizeShr>0</fillSizeShr>
          <netFeeOrRebateCph>0.0000</netFeeOrRebateCph>
          <midpointShr>0</midpointShr>
          <midpointPct>0.00</midpointPct>
          <nearsideShr>0</nearsideShr>
          <nearsidePct>0.00</nearsidePct>
          <farsideShr>0</farsideShr>
          <farsidePct>0.00</farsidePct>
          <providedLiqudityShr>0</providedLiqudityShr>
          <providedLiquidityPct>0.00</providedLiquidityPct>
          <orderDurationMsec>0</orderDurationMsec>
          <providedLiquidityNetCph/>
          <removedLiquidityShr>0</removedLiquidityShr>
          <removedLiquidityPct>0.00</removedLiquidityPct>
          <removedLiquidityNetCph>0.0062</removedLiquidityNetCph>
        </iVenue><iVenue>
          <venueName>ACME</venueName>
          <services>EV/SRV</services>
          <mic>ACME</mic>
          <routedShr>0</routedShr>
          <iocRoutedShr>0</iocRoutedShr>
          <furtherRoutableShr>0</furtherRoutableShr>
          <orderSizeShr>0</orderSizeShr>
          <executedShr>0</executedShr>
          <filledPct>0.00</filledPct>
          <fillSizeShr>0</fillSizeShr>
          <netFeeOrRebateCph>0.0000</netFeeOrRebateCph>
          <midpointShr>0</midpointShr>
          <midpointPct>0.00</midpointPct>
          <nearsideShr>0</nearsideShr>
          <nearsidePct>0.00</nearsidePct>
          <farsideShr>0</farsideShr>
          <farsidePct>0.00</farsidePct>
          <providedLiqudityShr>0</providedLiqudityShr>
          <providedLiquidityPct>0.00</providedLiquidityPct>
          <orderDurationMsec>0</orderDurationMsec>
          <providedLiquidityNetCph/>
          <removedLiquidityShr>0</removedLiquidityShr>
          <removedLiquidityPct>0.00</removedLiquidityPct>
          <removedLiquidityNetCph>0.0063</removedLiquidityNetCph>
        </iVenue><iVenue>
          <venueName>ACME</venueName>
          <services>EV/SRV</services>
          <mic>ACME</mic>
          <routedShr>0</routedShr>
          <iocRoutedShr>0</iocRoutedShr>
          <furtherRoutableShr>0</furtherRoutableShr>
          <orderSizeShr>0</orderSizeShr>
          <executedShr>0</executedShr>
          <filledPct>0.00</filledPct>
          <fillSizeShr>0</fillSizeShr>
          <netFeeOrRebateCph>0.0000</netFeeOrRebateCph>
          <midpointShr>0</midpointShr>
          <midpointPct>0.00</midpointPct>
          <nearsideShr>0</nearsideShr>
          <nearsidePct>0.00</nearsidePct>
          <farsideShr>0</farsideShr>
          <farsidePct>0.00</farsidePct>
          <providedLiqudityShr>0</providedLiqudityShr>
          <providedLiquidityPct>0.00</providedLiquidityPct>
          <orderDurationMsec>0</orderDurationMsec>
          <providedLiquidityNetCph/>
          <removedLiquidityShr>0</removedLiquidityShr>
          <removedLiquidityPct>0.00</removedLiquidityPct>
          <removedLiquidityNetCph>0.0064</removedLiquidityNetCph>
        </iVenue><iVenue>
          <venueName>ACME</venueName>
          <services>EV/SRV</services>
          <mic>ACME</mic>
          <routedShr>0</routedShr>
          <iocRoutedShr>0</iocRoutedShr>
          <furtherRoutableShr>0</furtherRoutableShr>
          <orderSizeShr>0</orderSizeShr>
          <executedShr>0</executedShr>
          <filledPct>0.00</filledPct>
          <fillSizeShr>0</fillSizeShr>
          <netFeeOrRebateCph>0.0000</netFeeOrRebateCph>
          <midpointShr>0</midpointShr>
          <midpointPct>0.00</midpointPct>
          <nearsideShr>0</nearsideShr>
          <nearsidePct>0.00</nearsidePct>
          <farsideShr>0</farsideShr>
          <farsidePct>0.00</farsidePct>
          <providedLiqudityShr>0</providedLiqudityShr>
          <providedLiquidityPct>0.00</providedLiquidityPct>
          <orderDurationMsec>0</orderDurationMsec>
          <providedLiquidityNetCph/>
          <removedLiquidityShr>0</removedLiquidityShr>
          <removedLiquidityPct>0.00</removedLiquidityPct>
          <removedLiquidityNetCph>0.0065</removedLiquidityNetCph>
        </iVenue><iVenue>
          <venueName>ACME</venueName>
          <services>EV/SRV</services>
          <mic>ACME</mic>
          <routedShr>0</routedShr>
          <iocRoutedShr>0</iocRoutedShr>
          <furtherRoutableShr>0</furtherRoutableShr>
          <orderSizeShr>0</orderSizeShr>
          <executedShr>0</executedShr>
          <filledPct>0.00</filledPct>
          <fillSizeShr>0</fillSizeShr>
          <netFeeOrRebateCph>0.0000</netFeeOrRebateCph>
          <midpointShr>0</midpointShr>
          <midpointPct>0.00</midpointPct>
          <nearsideShr>0</nearsideShr>
          <nearsidePct>0.00</nearsidePct>
          <farsideShr>0</farsideShr>
          <farsidePct>0.00</farsidePct>
          <providedLiqudityShr>0</providedLiqudityShr>
          <providedLiquidityPct>0.00</providedLiquidityPct>
          <orderDurationMsec>0</orderDurationMsec>
          <providedLiquidityNetCph/>
          <removedLiquidityShr>0</removedLiquidityShr>
          <removedLiquidityPct>0.00</removedLiquidityPct>
          <removedLiquidityNetCph>0.0066</removedLiquidityNetCph>
        </iVenue><iVenue>
          <venueName>ACME</venueName>
          <services>EV/SRV</services>
          <mic>ACME</mic>
          <routedShr>0</routedShr>
          <iocRoutedShr>0</iocRoutedShr>
          <furtherRoutableShr>0</furtherRoutableShr>
          <orderSizeShr>0</orderSizeShr>
          <executedShr>0</executedShr>
          <filledPct>0.00</filledPct>
          <fillSizeShr>0</fillSizeShr>
          <netFeeOrRebateCph>0.0000</netFeeOrRebateCph>
          <midpointShr>0</midpointShr>
          <midpointPct>0.00</midpointPct>
          <nearsideShr>0</nearsideShr>
          <nearsidePct>0.00</nearsidePct>
          <farsideShr>0</farsideShr>
          <farsidePct>0.00</farsidePct>
          <providedLiqudityShr>0</providedLiqudityShr>
          <providedLiquidityPct>0.00</providedLiquidityPct>
          <orderDurationMsec>0</orderDurationMsec>
          <providedLiquidityNetCph/>
          <removedLiquidityShr>0</removedLiquidityShr>
          <removedLiquidityPct>0.00</removedLiquidityPct>
          <removedLiquidityNetCph>0.0067</removedLiquidityNetCph>
        </iVenue><iVenue>
          <venueName>ACME</venueName>
          <services>EV/SRV</services>
          <mic>ACME</mic>
          <routedShr>0</routedShr>
          <iocRoutedShr>0</iocRoutedShr>
          <furtherRoutableShr>0</furtherRoutableShr>
          <orderSizeShr>0</orderSizeShr>
          <executedShr>0</executedShr>
          <filledPct>0.00</filledPct>
          <fillSizeShr>0</fillSizeShr>
          <netFeeOrRebateCph>0.0000</netFeeOrRebateCph>
          <midpointShr>0</midpointShr>
          <midpointPct>0.00</midpointPct>
          <nearsideShr>0</nearsideShr>
          <nearsidePct>0.00</nearsidePct>
          <farsideShr>0</farsideShr>
          <farsidePct>0.00</farsidePct>
          <providedLiqudityShr>0</providedLiqudityShr>
          <providedLiquidityPct>0.00</providedLiquidityPct>
          <orderDurationMsec>0</orderDurationMsec>
          <providedLiquidityNetCph/>
          <removedLiquidityShr>0</removedLiquidityShr>
          <removedLiquidityPct>0.00</removedLiquidityPct>
          <removedLiquidityNetCph>0.0068</removedLiquidityNetCph>
        </iVenue><iVenue>
          <venueName>ACME</venueName>
          <services>EV/SRV</services>
          <mic>ACME</mic>
          <routedShr>0</routedShr>
          <iocRoutedShr>0</iocRoutedShr>
          <furtherRoutableShr>0</furtherRoutableShr>
          <orderSizeShr>0</orderSizeShr>
          <executedShr>0</executedShr>
          <filledPct>0.00</filledPct>
          <fillSizeShr>0</fillSizeShr>
          <netFeeOrRebateCph>0.0000</netFeeOrRebateCph>
          <midpointShr>0</midpointShr>
          <midpointPct>0.00</midpointPct>
          <nearsideShr>0</nearsideShr>
          <nearsidePct>0.00</nearsidePct>
          <farsideShr>0</farsideShr>
          <farsidePct>0.00</farsidePct>
          <providedLiqudityShr>0</providedLiqudityShr>
          <providedLiquidityPct>0.00</providedLiquidityPct>
          <orderDurationMsec>0</orderDurationMsec>
          <providedLiquidityNetCph/>
          <removedLiquidityShr>0</removedLiquidityShr>
          <removedLiquidityPct>0.00</removedLiquidityPct>
          <removedLiquidityNetCph>0.0069</removedLiquidityNetCph>
        </iVenue>
      </routingVenueList>
    </hMonthly>
  </hNondirected>
</notHeldOrderHandlingCustomerReport>
