<?xml version="1.0" encoding="UTF-8"?>
<!--
This sample file was created by staff of the U.S. Securities and Exchange Commission.
Data and content created by government employees within the scope of their employment
are not subject to domestic copyright protection. 17 U.S.C. 105.
-->
<notHeldOrderHandlingCustomerReport xmlns:xsi="http://www.w3.org/2001/XMLSchema-instance" xsi:noNamespaceSchemaLocation="oh-20191231.xsd">
  <version>1.2</version>
  <customer>C. Schtumer</customer>
  <bd>B. Roker</bd>
  <timestamp>2020-06-01T22:55:48Z</timestamp>
  <startDate>2019-12-01</startDate>
  <endDate>2020-05-31</endDate>

  
</notHeldOrderHandlingCustomerReport>
