<?xml version="1.0" encoding="UTF-8"?>
<!--
This sample file was created by staff of the U.S. Securities and Exchange Commission.
Data and content created by government employees within the scope of their employment
are not subject to domestic copyright protection. 17 U.S.C. 105.
-->
<heldOrderRoutingPublicReport xmlns:xsi="http://www.w3.org/2001/XMLSchema-instance" xsi:noNamespaceSchemaLocation="oh-20191231.xsd">
  <version>1.2</version>
  <bd>B. Roker</bd>
  <year>2020</year>
  <qtr>1</qtr>
  <timestamp>2020-04-01T22:55:48Z</timestamp>
  <rMonthly>
    <year>2020</year>
    <mon>1</mon>
    <rSP500>
      <ndoPct/>
      <ndoMarketPct/>
      <ndoMarketableLimitPct/>
      <ndoNonmarketableLimitPct/>
      <ndoOtherPct/>
      <rVenues>
        <rVenue>
          <name>New York Stock Exchange LLC.</name>
          <mic>NYSE</mic>
          <orderPct/>
          <marketPct/>
          <marketableLimitPct/>
          <nonMarketableLimitPct/>
          <otherPct/>
          <netPmtPaidRecvMarketOrdersUsd/>
          <netPmtPaidRecvMarketOrdersCph/>
          <netPmtPaidRecvMarketableLimitOrdersUsd/>
          <netPmtPaidRecvMarketableLimitOrdersCph/>
          <netPmtPaidRecvNonMarketableLimitOrdersUsd/>
          <netPmtPaidRecvNonMarketableLimitOrdersCph/>
          <netPmtPaidRecvOtherOrdersUsd/>
          <netPmtPaidRecvOtherOrdersCph/>
          <materialAspects/>
        </rVenue>
        <rVenue>
          <name>NYSE Arca, Inc.</name>
          <mic>ARCA</mic>
          <orderPct/>
          <marketPct/>
          <marketableLimitPct/>
          <nonMarketableLimitPct/>
          <otherPct/>
          <netPmtPaidRecvMarketOrdersUsd/>
          <netPmtPaidRecvMarketOrdersCph/>
          <netPmtPaidRecvMarketableLimitOrdersUsd/>
          <netPmtPaidRecvMarketableLimitOrdersCph/>
          <netPmtPaidRecvNonMarketableLimitOrdersUsd/>
          <netPmtPaidRecvNonMarketableLimitOrdersCph/>
          <netPmtPaidRecvOtherOrdersUsd/>
          <netPmtPaidRecvOtherOrdersCph/>
          <materialAspects/>
        </rVenue>
        <rVenue>
          <name>BATS Exchange, Inc.</name>
          <mic>BATS</mic>
          <orderPct/>
          <marketPct/>
          <marketableLimitPct/>
          <nonMarketableLimitPct/>
          <otherPct/>
          <netPmtPaidRecvMarketOrdersUsd/>
          <netPmtPaidRecvMarketOrdersCph/>
          <netPmtPaidRecvMarketableLimitOrdersUsd/>
          <netPmtPaidRecvMarketableLimitOrdersCph/>
          <netPmtPaidRecvNonMarketableLimitOrdersUsd/>
          <netPmtPaidRecvNonMarketableLimitOrdersCph/>
          <netPmtPaidRecvOtherOrdersUsd/>
          <netPmtPaidRecvOtherOrdersCph/>
          <materialAspects/>
        </rVenue>
        <rVenue>
          <name>BROKE Consolidator, Inc.</name>
          <mpid>BROKE</mpid>
          <orderPct/>
          <marketPct/>
          <marketableLimitPct/>
          <nonMarketableLimitPct/>
          <otherPct/>
          <netPmtPaidRecvMarketOrdersUsd/>
          <netPmtPaidRecvMarketOrdersCph/>
          <netPmtPaidRecvMarketableLimitOrdersUsd/>
          <netPmtPaidRecvMarketableLimitOrdersCph/>
          <netPmtPaidRecvNonMarketableLimitOrdersUsd/>
          <netPmtPaidRecvNonMarketableLimitOrdersCph/>
          <netPmtPaidRecvOtherOrdersUsd/>
          <netPmtPaidRecvOtherOrdersCph/>
          <materialAspects/>
        </rVenue>
        <rVenue>
          <name>EDGX Exchange, Inc.</name>
          <mic>EDGX</mic>
          <orderPct/>
          <marketPct/>
          <marketableLimitPct/>
          <nonMarketableLimitPct/>
          <otherPct/>
          <netPmtPaidRecvMarketOrdersUsd/>
          <netPmtPaidRecvMarketOrdersCph/>
          <netPmtPaidRecvMarketableLimitOrdersUsd/>
          <netPmtPaidRecvMarketableLimitOrdersCph/>
          <netPmtPaidRecvNonMarketableLimitOrdersUsd/>
          <netPmtPaidRecvNonMarketableLimitOrdersCph/>
          <netPmtPaidRecvOtherOrdersUsd/>
          <netPmtPaidRecvOtherOrdersCph/>
          <materialAspects/>
        </rVenue>
        <rVenue>
          <name>The Nasdaq Stock Market LLC.</name>
          <mic>XNAS</mic>
          <orderPct/>
          <marketPct/>
          <marketableLimitPct/>
          <nonMarketableLimitPct/>
          <otherPct/>
          <netPmtPaidRecvMarketOrdersUsd/>
          <netPmtPaidRecvMarketOrdersCph/>
          <netPmtPaidRecvMarketableLimitOrdersUsd/>
          <netPmtPaidRecvMarketableLimitOrdersCph/>
          <netPmtPaidRecvNonMarketableLimitOrdersUsd/>
          <netPmtPaidRecvNonMarketableLimitOrdersCph/>
          <netPmtPaidRecvOtherOrdersUsd/>
          <netPmtPaidRecvOtherOrdersCph/>
          <materialAspects/>
        </rVenue>
        <rVenue>
          <name>B. Roker Exec and Clrng</name>
          <mic>180T</mic>
          <orderPct/>
          <marketPct/>
          <marketableLimitPct/>
          <nonMarketableLimitPct/>
          <otherPct/>
          <netPmtPaidRecvMarketOrdersUsd/>
          <netPmtPaidRecvMarketOrdersCph/>
          <netPmtPaidRecvMarketableLimitOrdersUsd/>
          <netPmtPaidRecvMarketableLimitOrdersCph/>
          <netPmtPaidRecvNonMarketableLimitOrdersUsd/>
          <netPmtPaidRecvNonMarketableLimitOrdersCph/>
          <netPmtPaidRecvOtherOrdersUsd/>
          <netPmtPaidRecvOtherOrdersCph/>
          <materialAspects/>
        </rVenue>
        <rVenue>
          <name>EDGA Exchange,Inc.</name>
          <mic>EDGA</mic>
          <orderPct/>
          <marketPct/>
          <marketableLimitPct/>
          <nonMarketableLimitPct/>
          <otherPct/>
          <netPmtPaidRecvMarketOrdersUsd/>
          <netPmtPaidRecvMarketOrdersCph/>
          <netPmtPaidRecvMarketableLimitOrdersUsd/>
          <netPmtPaidRecvMarketableLimitOrdersCph/>
          <netPmtPaidRecvNonMarketableLimitOrdersUsd/>
          <netPmtPaidRecvNonMarketableLimitOrdersCph/>
          <netPmtPaidRecvOtherOrdersUsd/>
          <netPmtPaidRecvOtherOrdersCph/>
          <materialAspects/>
        </rVenue>
        <rVenue>
          <name>TUBS Exchange, Inc.</name>
          <mic>TUBS</mic>
          <orderPct/>
          <marketPct/>
          <marketableLimitPct/>
          <nonMarketableLimitPct/>
          <otherPct/>
          <netPmtPaidRecvMarketOrdersUsd/>
          <netPmtPaidRecvMarketOrdersCph/>
          <netPmtPaidRecvMarketableLimitOrdersUsd/>
          <netPmtPaidRecvMarketableLimitOrdersCph/>
          <netPmtPaidRecvNonMarketableLimitOrdersUsd/>
          <netPmtPaidRecvNonMarketableLimitOrdersCph/>
          <netPmtPaidRecvOtherOrdersUsd/>
          <netPmtPaidRecvOtherOrdersCph/>
          <materialAspects/>
        </rVenue>
        <rVenue>
          <name>NASDAQ OMX BX.</name>
          <mic>BOSE</mic>
          <orderPct/>
          <marketPct/>
          <marketableLimitPct/>
          <nonMarketableLimitPct/>
          <otherPct/>
          <netPmtPaidRecvMarketOrdersUsd/>
          <netPmtPaidRecvMarketOrdersCph/>
          <netPmtPaidRecvMarketableLimitOrdersUsd/>
          <netPmtPaidRecvMarketableLimitOrdersCph/>
          <netPmtPaidRecvNonMarketableLimitOrdersUsd/>
          <netPmtPaidRecvNonMarketableLimitOrdersCph/>
          <netPmtPaidRecvOtherOrdersUsd/>
          <netPmtPaidRecvOtherOrdersCph/>
          <materialAspects/>
        </rVenue>
      </rVenues>
    </rSP500>
    <rOtherStocks>
      <ndoPct/>
      <ndoMarketPct/>
      <ndoMarketableLimitPct/>
      <ndoNonmarketableLimitPct/>
      <ndoOtherPct/>
      <rVenues>
        <rVenue>
          <name>New York Stock Exchange LLC.</name>
          <mic>NYSE</mic>
          <orderPct/>
          <marketPct/>
          <marketableLimitPct/>
          <nonMarketableLimitPct/>
          <otherPct/>
          <netPmtPaidRecvMarketOrdersUsd/>
          <netPmtPaidRecvMarketOrdersCph/>
          <netPmtPaidRecvMarketableLimitOrdersUsd/>
          <netPmtPaidRecvMarketableLimitOrdersCph/>
          <netPmtPaidRecvNonMarketableLimitOrdersUsd/>
          <netPmtPaidRecvNonMarketableLimitOrdersCph/>
          <netPmtPaidRecvOtherOrdersUsd/>
          <netPmtPaidRecvOtherOrdersCph/>
          <materialAspects/>
        </rVenue>
        <rVenue>
          <name>NYSE Arca, Inc.</name>
          <mic>ARCA</mic>
          <orderPct/>
          <marketPct/>
          <marketableLimitPct/>
          <nonMarketableLimitPct/>
          <otherPct/>
          <netPmtPaidRecvMarketOrdersUsd/>
          <netPmtPaidRecvMarketOrdersCph/>
          <netPmtPaidRecvMarketableLimitOrdersUsd/>
          <netPmtPaidRecvMarketableLimitOrdersCph/>
          <netPmtPaidRecvNonMarketableLimitOrdersUsd/>
          <netPmtPaidRecvNonMarketableLimitOrdersCph/>
          <netPmtPaidRecvOtherOrdersUsd/>
          <netPmtPaidRecvOtherOrdersCph/>
          <materialAspects/>
        </rVenue>
        <rVenue>
          <name>BATS Exchange, Inc.</name>
          <mic>BATS</mic>
          <orderPct/>
          <marketPct/>
          <marketableLimitPct/>
          <nonMarketableLimitPct/>
          <otherPct/>
          <netPmtPaidRecvMarketOrdersUsd/>
          <netPmtPaidRecvMarketOrdersCph/>
          <netPmtPaidRecvMarketableLimitOrdersUsd/>
          <netPmtPaidRecvMarketableLimitOrdersCph/>
          <netPmtPaidRecvNonMarketableLimitOrdersUsd/>
          <netPmtPaidRecvNonMarketableLimitOrdersCph/>
          <netPmtPaidRecvOtherOrdersUsd/>
          <netPmtPaidRecvOtherOrdersCph/>
          <materialAspects/>
        </rVenue>
        <rVenue>
          <name>BROKE Consolidator, Inc.</name>
          <mpid>BROKE</mpid>
          <orderPct/>
          <marketPct/>
          <marketableLimitPct/>
          <nonMarketableLimitPct/>
          <otherPct/>
          <netPmtPaidRecvMarketOrdersUsd/>
          <netPmtPaidRecvMarketOrdersCph/>
          <netPmtPaidRecvMarketableLimitOrdersUsd/>
          <netPmtPaidRecvMarketableLimitOrdersCph/>
          <netPmtPaidRecvNonMarketableLimitOrdersUsd/>
          <netPmtPaidRecvNonMarketableLimitOrdersCph/>
          <netPmtPaidRecvOtherOrdersUsd/>
          <netPmtPaidRecvOtherOrdersCph/>
          <materialAspects/>
        </rVenue>
        <rVenue>
          <name>EDGX Exchange, Inc.</name>
          <mic>EDGX</mic>
          <orderPct/>
          <marketPct/>
          <marketableLimitPct/>
          <nonMarketableLimitPct/>
          <otherPct/>
          <netPmtPaidRecvMarketOrdersUsd/>
          <netPmtPaidRecvMarketOrdersCph/>
          <netPmtPaidRecvMarketableLimitOrdersUsd/>
          <netPmtPaidRecvMarketableLimitOrdersCph/>
          <netPmtPaidRecvNonMarketableLimitOrdersUsd/>
          <netPmtPaidRecvNonMarketableLimitOrdersCph/>
          <netPmtPaidRecvOtherOrdersUsd/>
          <netPmtPaidRecvOtherOrdersCph/>
          <materialAspects/>
        </rVenue>
        <rVenue>
          <name>The Nasdaq Stock Market LLC.</name>
          <mic>XNAS</mic>
          <orderPct/>
          <marketPct/>
          <marketableLimitPct/>
          <nonMarketableLimitPct/>
          <otherPct/>
          <netPmtPaidRecvMarketOrdersUsd/>
          <netPmtPaidRecvMarketOrdersCph/>
          <netPmtPaidRecvMarketableLimitOrdersUsd/>
          <netPmtPaidRecvMarketableLimitOrdersCph/>
          <netPmtPaidRecvNonMarketableLimitOrdersUsd/>
          <netPmtPaidRecvNonMarketableLimitOrdersCph/>
          <netPmtPaidRecvOtherOrdersUsd/>
          <netPmtPaidRecvOtherOrdersCph/>
          <materialAspects/>
        </rVenue>
        <rVenue>
          <name>B. Roker Exec and Clrng</name>
          <mic>180T</mic>
          <orderPct/>
          <marketPct/>
          <marketableLimitPct/>
          <nonMarketableLimitPct/>
          <otherPct/>
          <netPmtPaidRecvMarketOrdersUsd/>
          <netPmtPaidRecvMarketOrdersCph/>
          <netPmtPaidRecvMarketableLimitOrdersUsd/>
          <netPmtPaidRecvMarketableLimitOrdersCph/>
          <netPmtPaidRecvNonMarketableLimitOrdersUsd/>
          <netPmtPaidRecvNonMarketableLimitOrdersCph/>
          <netPmtPaidRecvOtherOrdersUsd/>
          <netPmtPaidRecvOtherOrdersCph/>
          <materialAspects/>
        </rVenue>
        <rVenue>
          <name>EDGA Exchange,Inc.</name>
          <mic>EDGA</mic>
          <orderPct/>
          <marketPct/>
          <marketableLimitPct/>
          <nonMarketableLimitPct/>
          <otherPct/>
          <netPmtPaidRecvMarketOrdersUsd/>
          <netPmtPaidRecvMarketOrdersCph/>
          <netPmtPaidRecvMarketableLimitOrdersUsd/>
          <netPmtPaidRecvMarketableLimitOrdersCph/>
          <netPmtPaidRecvNonMarketableLimitOrdersUsd/>
          <netPmtPaidRecvNonMarketableLimitOrdersCph/>
          <netPmtPaidRecvOtherOrdersUsd/>
          <netPmtPaidRecvOtherOrdersCph/>
          <materialAspects/>
        </rVenue>
        <rVenue>
          <name>TUBS Exchange, Inc.</name>
          <mic>TUBS</mic>
          <orderPct/>
          <marketPct/>
          <marketableLimitPct/>
          <nonMarketableLimitPct/>
          <otherPct/>
          <netPmtPaidRecvMarketOrdersUsd/>
          <netPmtPaidRecvMarketOrdersCph/>
          <netPmtPaidRecvMarketableLimitOrdersUsd/>
          <netPmtPaidRecvMarketableLimitOrdersCph/>
          <netPmtPaidRecvNonMarketableLimitOrdersUsd/>
          <netPmtPaidRecvNonMarketableLimitOrdersCph/>
          <netPmtPaidRecvOtherOrdersUsd/>
          <netPmtPaidRecvOtherOrdersCph/>
          <materialAspects/>
        </rVenue>
        <rVenue>
          <name>NASDAQ OMX BX.</name>
          <mic>BOSE</mic>
          <orderPct/>
          <marketPct/>
          <marketableLimitPct/>
          <nonMarketableLimitPct/>
          <otherPct/>
          <netPmtPaidRecvMarketOrdersUsd/>
          <netPmtPaidRecvMarketOrdersCph/>
          <netPmtPaidRecvMarketableLimitOrdersUsd/>
          <netPmtPaidRecvMarketableLimitOrdersCph/>
          <netPmtPaidRecvNonMarketableLimitOrdersUsd/>
          <netPmtPaidRecvNonMarketableLimitOrdersCph/>
          <netPmtPaidRecvOtherOrdersUsd/>
          <netPmtPaidRecvOtherOrdersCph/>
          <materialAspects/>
        </rVenue>
      </rVenues>
    </rOtherStocks>
    <rOptions>
      <ndoPct/>
      <ndoMarketPct/>
      <ndoMarketableLimitPct/>
      <ndoNonmarketableLimitPct/>
      <ndoOtherPct/>
      <rVenues>
        <rVenue>
          <name>BATS Options Exchange.</name>
          <mic>BATO</mic>
          <orderPct/>
          <marketPct/>
          <marketableLimitPct/>
          <nonMarketableLimitPct/>
          <otherPct/>
          <netPmtPaidRecvMarketOrdersUsd/>
          <netPmtPaidRecvMarketOrdersCph/>
          <netPmtPaidRecvMarketableLimitOrdersUsd/>
          <netPmtPaidRecvMarketableLimitOrdersCph/>
          <netPmtPaidRecvNonMarketableLimitOrdersUsd/>
          <netPmtPaidRecvNonMarketableLimitOrdersCph/>
          <netPmtPaidRecvOtherOrdersUsd/>
          <netPmtPaidRecvOtherOrdersCph/>
          <materialAspects/>
        </rVenue>
        <rVenue>
          <name>NYSE Arca, Inc.</name>
          <mic>PCXX</mic>
          <orderPct/>
          <marketPct/>
          <marketableLimitPct/>
          <nonMarketableLimitPct/>
          <otherPct/>
          <netPmtPaidRecvMarketOrdersUsd/>
          <netPmtPaidRecvMarketOrdersCph/>
          <netPmtPaidRecvMarketableLimitOrdersUsd/>
          <netPmtPaidRecvMarketableLimitOrdersCph/>
          <netPmtPaidRecvNonMarketableLimitOrdersUsd/>
          <netPmtPaidRecvNonMarketableLimitOrdersCph/>
          <netPmtPaidRecvOtherOrdersUsd/>
          <netPmtPaidRecvOtherOrdersCph/>
          <materialAspects/>
        </rVenue>
        <rVenue>
          <name>International Securities Exch</name>
          <mic>ISEE</mic>
          <orderPct/>
          <marketPct/>
          <marketableLimitPct/>
          <nonMarketableLimitPct/>
          <otherPct/>
          <netPmtPaidRecvMarketOrdersUsd/>
          <netPmtPaidRecvMarketOrdersCph/>
          <netPmtPaidRecvMarketableLimitOrdersUsd/>
          <netPmtPaidRecvMarketableLimitOrdersCph/>
          <netPmtPaidRecvNonMarketableLimitOrdersUsd/>
          <netPmtPaidRecvNonMarketableLimitOrdersCph/>
          <netPmtPaidRecvOtherOrdersUsd/>
          <netPmtPaidRecvOtherOrdersCph/>
          <materialAspects/>
        </rVenue>
        <rVenue>
          <name>Nasdaq Options Market LLC.</name>
          <mic>NOMM</mic>
          <orderPct/>
          <marketPct/>
          <marketableLimitPct/>
          <nonMarketableLimitPct/>
          <otherPct/>
          <netPmtPaidRecvMarketOrdersUsd/>
          <netPmtPaidRecvMarketOrdersCph/>
          <netPmtPaidRecvMarketableLimitOrdersUsd/>
          <netPmtPaidRecvMarketableLimitOrdersCph/>
          <netPmtPaidRecvNonMarketableLimitOrdersUsd/>
          <netPmtPaidRecvNonMarketableLimitOrdersCph/>
          <netPmtPaidRecvOtherOrdersUsd/>
          <netPmtPaidRecvOtherOrdersCph/>
          <materialAspects/>
        </rVenue>
        <rVenue>
          <name>Chicago Board Options Exchange</name>
          <mic>CBOE</mic>
          <orderPct/>
          <marketPct/>
          <marketableLimitPct/>
          <nonMarketableLimitPct/>
          <otherPct/>
          <netPmtPaidRecvMarketOrdersUsd/>
          <netPmtPaidRecvMarketOrdersCph/>
          <netPmtPaidRecvMarketableLimitOrdersUsd/>
          <netPmtPaidRecvMarketableLimitOrdersCph/>
          <netPmtPaidRecvNonMarketableLimitOrdersUsd/>
          <netPmtPaidRecvNonMarketableLimitOrdersCph/>
          <netPmtPaidRecvOtherOrdersUsd/>
          <netPmtPaidRecvOtherOrdersCph/>
          <materialAspects/>
        </rVenue>
        <rVenue>
          <name>NYSE MKT, LLC</name>
          <mic>AMEX</mic>
          <orderPct/>
          <marketPct/>
          <marketableLimitPct/>
          <nonMarketableLimitPct/>
          <otherPct/>
          <netPmtPaidRecvMarketOrdersUsd/>
          <netPmtPaidRecvMarketOrdersCph/>
          <netPmtPaidRecvMarketableLimitOrdersUsd/>
          <netPmtPaidRecvMarketableLimitOrdersCph/>
          <netPmtPaidRecvNonMarketableLimitOrdersUsd/>
          <netPmtPaidRecvNonMarketableLimitOrdersCph/>
          <netPmtPaidRecvOtherOrdersUsd/>
          <netPmtPaidRecvOtherOrdersCph/>
          <materialAspects/>
        </rVenue>
        <rVenue>
          <name>Nasdaq OMX PHLX,Inc</name>
          <mic>PHLX</mic>
          <orderPct/>
          <marketPct/>
          <marketableLimitPct/>
          <nonMarketableLimitPct/>
          <otherPct/>
          <netPmtPaidRecvMarketOrdersUsd/>
          <netPmtPaidRecvMarketOrdersCph/>
          <netPmtPaidRecvMarketableLimitOrdersUsd/>
          <netPmtPaidRecvMarketableLimitOrdersCph/>
          <netPmtPaidRecvNonMarketableLimitOrdersUsd/>
          <netPmtPaidRecvNonMarketableLimitOrdersCph/>
          <netPmtPaidRecvOtherOrdersUsd/>
          <netPmtPaidRecvOtherOrdersCph/>
          <materialAspects/>
        </rVenue>
        <rVenue>
          <name>C2 Options Exchange</name>
          <mic>COPT</mic>
          <orderPct/>
          <marketPct/>
          <marketableLimitPct/>
          <nonMarketableLimitPct/>
          <otherPct/>
          <netPmtPaidRecvMarketOrdersUsd/>
          <netPmtPaidRecvMarketOrdersCph/>
          <netPmtPaidRecvMarketableLimitOrdersUsd/>
          <netPmtPaidRecvMarketableLimitOrdersCph/>
          <netPmtPaidRecvNonMarketableLimitOrdersUsd/>
          <netPmtPaidRecvNonMarketableLimitOrdersCph/>
          <netPmtPaidRecvOtherOrdersUsd/>
          <netPmtPaidRecvOtherOrdersCph/>
          <materialAspects/>
        </rVenue>
        <rVenue>
          <name>Boston Options Exchange Group</name>
          <mic>BOXX</mic>
          <orderPct/>
          <marketPct/>
          <marketableLimitPct/>
          <nonMarketableLimitPct/>
          <otherPct/>
          <netPmtPaidRecvMarketOrdersUsd/>
          <netPmtPaidRecvMarketOrdersCph/>
          <netPmtPaidRecvMarketableLimitOrdersUsd/>
          <netPmtPaidRecvMarketableLimitOrdersCph/>
          <netPmtPaidRecvNonMarketableLimitOrdersUsd/>
          <netPmtPaidRecvNonMarketableLimitOrdersCph/>
          <netPmtPaidRecvOtherOrdersUsd/>
          <netPmtPaidRecvOtherOrdersCph/>
          <materialAspects/>
        </rVenue>
      </rVenues>
    </rOptions>
  </rMonthly>
  <rMonthly>
    <year>2020</year>
    <mon>2</mon>
    <rSP500>
      <ndoPct/>
      <ndoMarketPct/>
      <ndoMarketableLimitPct/>
      <ndoNonmarketableLimitPct/>
      <ndoOtherPct/>
      <rVenues>
        <rVenue>
          <name>New York Stock Exchange LLC.</name>
          <mic>NYSE</mic>
          <orderPct/>
          <marketPct/>
          <marketableLimitPct/>
          <nonMarketableLimitPct/>
          <otherPct/>
          <netPmtPaidRecvMarketOrdersUsd/>
          <netPmtPaidRecvMarketOrdersCph/>
          <netPmtPaidRecvMarketableLimitOrdersUsd/>
          <netPmtPaidRecvMarketableLimitOrdersCph/>
          <netPmtPaidRecvNonMarketableLimitOrdersUsd/>
          <netPmtPaidRecvNonMarketableLimitOrdersCph/>
          <netPmtPaidRecvOtherOrdersUsd/>
          <netPmtPaidRecvOtherOrdersCph/>
          <materialAspects/>
        </rVenue>
        <rVenue>
          <name>NYSE Arca, Inc.</name>
          <mic>ARCA</mic>
          <orderPct/>
          <marketPct/>
          <marketableLimitPct/>
          <nonMarketableLimitPct/>
          <otherPct/>
          <netPmtPaidRecvMarketOrdersUsd/>
          <netPmtPaidRecvMarketOrdersCph/>
          <netPmtPaidRecvMarketableLimitOrdersUsd/>
          <netPmtPaidRecvMarketableLimitOrdersCph/>
          <netPmtPaidRecvNonMarketableLimitOrdersUsd/>
          <netPmtPaidRecvNonMarketableLimitOrdersCph/>
          <netPmtPaidRecvOtherOrdersUsd/>
          <netPmtPaidRecvOtherOrdersCph/>
          <materialAspects/>
        </rVenue>
        <rVenue>
          <name>BATS Exchange, Inc.</name>
          <mic>BATS</mic>
          <orderPct/>
          <marketPct/>
          <marketableLimitPct/>
          <nonMarketableLimitPct/>
          <otherPct/>
          <netPmtPaidRecvMarketOrdersUsd/>
          <netPmtPaidRecvMarketOrdersCph/>
          <netPmtPaidRecvMarketableLimitOrdersUsd/>
          <netPmtPaidRecvMarketableLimitOrdersCph/>
          <netPmtPaidRecvNonMarketableLimitOrdersUsd/>
          <netPmtPaidRecvNonMarketableLimitOrdersCph/>
          <netPmtPaidRecvOtherOrdersUsd/>
          <netPmtPaidRecvOtherOrdersCph/>
          <materialAspects/>
        </rVenue>
        <rVenue>
          <name>EDGX Exchange, Inc.</name>
          <mic>EDGX</mic>
          <orderPct/>
          <marketPct/>
          <marketableLimitPct/>
          <nonMarketableLimitPct/>
          <otherPct/>
          <netPmtPaidRecvMarketOrdersUsd/>
          <netPmtPaidRecvMarketOrdersCph/>
          <netPmtPaidRecvMarketableLimitOrdersUsd/>
          <netPmtPaidRecvMarketableLimitOrdersCph/>
          <netPmtPaidRecvNonMarketableLimitOrdersUsd/>
          <netPmtPaidRecvNonMarketableLimitOrdersCph/>
          <netPmtPaidRecvOtherOrdersUsd/>
          <netPmtPaidRecvOtherOrdersCph/>
          <materialAspects/>
        </rVenue>
        <rVenue>
          <name>The Nasdaq Stock Market LLC.</name>
          <mic>XNAS</mic>
          <orderPct/>
          <marketPct/>
          <marketableLimitPct/>
          <nonMarketableLimitPct/>
          <otherPct/>
          <netPmtPaidRecvMarketOrdersUsd/>
          <netPmtPaidRecvMarketOrdersCph/>
          <netPmtPaidRecvMarketableLimitOrdersUsd/>
          <netPmtPaidRecvMarketableLimitOrdersCph/>
          <netPmtPaidRecvNonMarketableLimitOrdersUsd/>
          <netPmtPaidRecvNonMarketableLimitOrdersCph/>
          <netPmtPaidRecvOtherOrdersUsd/>
          <netPmtPaidRecvOtherOrdersCph/>
          <materialAspects/>
        </rVenue>
        <rVenue>
          <name>B. Roker Exec and Clrng</name>
          <mic>180T</mic>
          <orderPct/>
          <marketPct/>
          <marketableLimitPct/>
          <nonMarketableLimitPct/>
          <otherPct/>
          <netPmtPaidRecvMarketOrdersUsd/>
          <netPmtPaidRecvMarketOrdersCph/>
          <netPmtPaidRecvMarketableLimitOrdersUsd/>
          <netPmtPaidRecvMarketableLimitOrdersCph/>
          <netPmtPaidRecvNonMarketableLimitOrdersUsd/>
          <netPmtPaidRecvNonMarketableLimitOrdersCph/>
          <netPmtPaidRecvOtherOrdersUsd/>
          <netPmtPaidRecvOtherOrdersCph/>
          <materialAspects/>
        </rVenue>
        <rVenue>
          <name>EDGA Exchange,Inc.</name>
          <mic>EDGA</mic>
          <orderPct/>
          <marketPct/>
          <marketableLimitPct/>
          <nonMarketableLimitPct/>
          <otherPct/>
          <netPmtPaidRecvMarketOrdersUsd/>
          <netPmtPaidRecvMarketOrdersCph/>
          <netPmtPaidRecvMarketableLimitOrdersUsd/>
          <netPmtPaidRecvMarketableLimitOrdersCph/>
          <netPmtPaidRecvNonMarketableLimitOrdersUsd/>
          <netPmtPaidRecvNonMarketableLimitOrdersCph/>
          <netPmtPaidRecvOtherOrdersUsd/>
          <netPmtPaidRecvOtherOrdersCph/>
          <materialAspects/>
        </rVenue>
        <rVenue>
          <name>BROKE Consolidator, Inc.</name>
          <mpid>BROKE</mpid>
          <orderPct/>
          <marketPct/>
          <marketableLimitPct/>
          <nonMarketableLimitPct/>
          <otherPct/>
          <netPmtPaidRecvMarketOrdersUsd/>
          <netPmtPaidRecvMarketOrdersCph/>
          <netPmtPaidRecvMarketableLimitOrdersUsd/>
          <netPmtPaidRecvMarketableLimitOrdersCph/>
          <netPmtPaidRecvNonMarketableLimitOrdersUsd/>
          <netPmtPaidRecvNonMarketableLimitOrdersCph/>
          <netPmtPaidRecvOtherOrdersUsd/>
          <netPmtPaidRecvOtherOrdersCph/>
          <materialAspects/>
        </rVenue>
        <rVenue>
          <name>NASDAQ OMX BX.</name>
          <mic>BOSE</mic>
          <orderPct/>
          <marketPct/>
          <marketableLimitPct/>
          <nonMarketableLimitPct/>
          <otherPct/>
          <netPmtPaidRecvMarketOrdersUsd/>
          <netPmtPaidRecvMarketOrdersCph/>
          <netPmtPaidRecvMarketableLimitOrdersUsd/>
          <netPmtPaidRecvMarketableLimitOrdersCph/>
          <netPmtPaidRecvNonMarketableLimitOrdersUsd/>
          <netPmtPaidRecvNonMarketableLimitOrdersCph/>
          <netPmtPaidRecvOtherOrdersUsd/>
          <netPmtPaidRecvOtherOrdersCph/>
          <materialAspects/>
        </rVenue>
      </rVenues>
    </rSP500>
    <rOtherStocks>
      <ndoPct/>
      <ndoMarketPct/>
      <ndoMarketableLimitPct/>
      <ndoNonmarketableLimitPct/>
      <ndoOtherPct/>
      <rVenues>
        <rVenue>
          <name>New York Stock Exchange LLC.</name>
          <mic>NYSE</mic>
          <orderPct/>
          <marketPct/>
          <marketableLimitPct/>
          <nonMarketableLimitPct/>
          <otherPct/>
          <netPmtPaidRecvMarketOrdersUsd/>
          <netPmtPaidRecvMarketOrdersCph/>
          <netPmtPaidRecvMarketableLimitOrdersUsd/>
          <netPmtPaidRecvMarketableLimitOrdersCph/>
          <netPmtPaidRecvNonMarketableLimitOrdersUsd/>
          <netPmtPaidRecvNonMarketableLimitOrdersCph/>
          <netPmtPaidRecvOtherOrdersUsd/>
          <netPmtPaidRecvOtherOrdersCph/>
          <materialAspects/>
        </rVenue>
        <rVenue>
          <name>NYSE Arca, Inc.</name>
          <mic>ARCA</mic>
          <orderPct/>
          <marketPct/>
          <marketableLimitPct/>
          <nonMarketableLimitPct/>
          <otherPct/>
          <netPmtPaidRecvMarketOrdersUsd/>
          <netPmtPaidRecvMarketOrdersCph/>
          <netPmtPaidRecvMarketableLimitOrdersUsd/>
          <netPmtPaidRecvMarketableLimitOrdersCph/>
          <netPmtPaidRecvNonMarketableLimitOrdersUsd/>
          <netPmtPaidRecvNonMarketableLimitOrdersCph/>
          <netPmtPaidRecvOtherOrdersUsd/>
          <netPmtPaidRecvOtherOrdersCph/>
          <materialAspects/>
        </rVenue>
        <rVenue>
          <name>BATS Exchange, Inc.</name>
          <mic>BATS</mic>
          <orderPct/>
          <marketPct/>
          <marketableLimitPct/>
          <nonMarketableLimitPct/>
          <otherPct/>
          <netPmtPaidRecvMarketOrdersUsd/>
          <netPmtPaidRecvMarketOrdersCph/>
          <netPmtPaidRecvMarketableLimitOrdersUsd/>
          <netPmtPaidRecvMarketableLimitOrdersCph/>
          <netPmtPaidRecvNonMarketableLimitOrdersUsd/>
          <netPmtPaidRecvNonMarketableLimitOrdersCph/>
          <netPmtPaidRecvOtherOrdersUsd/>
          <netPmtPaidRecvOtherOrdersCph/>
          <materialAspects/>
        </rVenue>
        <rVenue>
          <name>BROKE Consolidator, Inc.</name>
          <mpid>BROKE</mpid>
          <orderPct/>
          <marketPct/>
          <marketableLimitPct/>
          <nonMarketableLimitPct/>
          <otherPct/>
          <netPmtPaidRecvMarketOrdersUsd/>
          <netPmtPaidRecvMarketOrdersCph/>
          <netPmtPaidRecvMarketableLimitOrdersUsd/>
          <netPmtPaidRecvMarketableLimitOrdersCph/>
          <netPmtPaidRecvNonMarketableLimitOrdersUsd/>
          <netPmtPaidRecvNonMarketableLimitOrdersCph/>
          <netPmtPaidRecvOtherOrdersUsd/>
          <netPmtPaidRecvOtherOrdersCph/>
          <materialAspects/>
        </rVenue>
        <rVenue>
          <name>EDGX Exchange, Inc.</name>
          <mic>EDGX</mic>
          <orderPct/>
          <marketPct/>
          <marketableLimitPct/>
          <nonMarketableLimitPct/>
          <otherPct/>
          <netPmtPaidRecvMarketOrdersUsd/>
          <netPmtPaidRecvMarketOrdersCph/>
          <netPmtPaidRecvMarketableLimitOrdersUsd/>
          <netPmtPaidRecvMarketableLimitOrdersCph/>
          <netPmtPaidRecvNonMarketableLimitOrdersUsd/>
          <netPmtPaidRecvNonMarketableLimitOrdersCph/>
          <netPmtPaidRecvOtherOrdersUsd/>
          <netPmtPaidRecvOtherOrdersCph/>
          <materialAspects/>
        </rVenue>
        <rVenue>
          <name>The Nasdaq Stock Market LLC.</name>
          <mic>XNAS</mic>
          <orderPct/>
          <marketPct/>
          <marketableLimitPct/>
          <nonMarketableLimitPct/>
          <otherPct/>
          <netPmtPaidRecvMarketOrdersUsd/>
          <netPmtPaidRecvMarketOrdersCph/>
          <netPmtPaidRecvMarketableLimitOrdersUsd/>
          <netPmtPaidRecvMarketableLimitOrdersCph/>
          <netPmtPaidRecvNonMarketableLimitOrdersUsd/>
          <netPmtPaidRecvNonMarketableLimitOrdersCph/>
          <netPmtPaidRecvOtherOrdersUsd/>
          <netPmtPaidRecvOtherOrdersCph/>
          <materialAspects/>
        </rVenue>
        <rVenue>
          <name>B. Roker Exec and Clrng</name>
          <mic>180T</mic>
          <orderPct/>
          <marketPct/>
          <marketableLimitPct/>
          <nonMarketableLimitPct/>
          <otherPct/>
          <netPmtPaidRecvMarketOrdersUsd/>
          <netPmtPaidRecvMarketOrdersCph/>
          <netPmtPaidRecvMarketableLimitOrdersUsd/>
          <netPmtPaidRecvMarketableLimitOrdersCph/>
          <netPmtPaidRecvNonMarketableLimitOrdersUsd/>
          <netPmtPaidRecvNonMarketableLimitOrdersCph/>
          <netPmtPaidRecvOtherOrdersUsd/>
          <netPmtPaidRecvOtherOrdersCph/>
          <materialAspects/>
        </rVenue>
        <rVenue>
          <name>EDGA Exchange,Inc.</name>
          <mic>EDGA</mic>
          <orderPct/>
          <marketPct/>
          <marketableLimitPct/>
          <nonMarketableLimitPct/>
          <otherPct/>
          <netPmtPaidRecvMarketOrdersUsd/>
          <netPmtPaidRecvMarketOrdersCph/>
          <netPmtPaidRecvMarketableLimitOrdersUsd/>
          <netPmtPaidRecvMarketableLimitOrdersCph/>
          <netPmtPaidRecvNonMarketableLimitOrdersUsd/>
          <netPmtPaidRecvNonMarketableLimitOrdersCph/>
          <netPmtPaidRecvOtherOrdersUsd/>
          <netPmtPaidRecvOtherOrdersCph/>
          <materialAspects/>
        </rVenue>
        <rVenue>
          <name>NASDAQ OMX BX.</name>
          <mic>BOSE</mic>
          <orderPct/>
          <marketPct/>
          <marketableLimitPct/>
          <nonMarketableLimitPct/>
          <otherPct/>
          <netPmtPaidRecvMarketOrdersUsd/>
          <netPmtPaidRecvMarketOrdersCph/>
          <netPmtPaidRecvMarketableLimitOrdersUsd/>
          <netPmtPaidRecvMarketableLimitOrdersCph/>
          <netPmtPaidRecvNonMarketableLimitOrdersUsd/>
          <netPmtPaidRecvNonMarketableLimitOrdersCph/>
          <netPmtPaidRecvOtherOrdersUsd/>
          <netPmtPaidRecvOtherOrdersCph/>
          <materialAspects/>
        </rVenue>
      </rVenues>
    </rOtherStocks>
    <rOptions>
      <ndoPct/>
      <ndoMarketPct/>
      <ndoMarketableLimitPct/>
      <ndoNonmarketableLimitPct/>
      <ndoOtherPct/>
      <rVenues>
        <rVenue>
          <name>BATS Options Exchange.</name>
          <mic>BATO</mic>
          <orderPct/>
          <marketPct/>
          <marketableLimitPct/>
          <nonMarketableLimitPct/>
          <otherPct/>
          <netPmtPaidRecvMarketOrdersUsd/>
          <netPmtPaidRecvMarketOrdersCph/>
          <netPmtPaidRecvMarketableLimitOrdersUsd/>
          <netPmtPaidRecvMarketableLimitOrdersCph/>
          <netPmtPaidRecvNonMarketableLimitOrdersUsd/>
          <netPmtPaidRecvNonMarketableLimitOrdersCph/>
          <netPmtPaidRecvOtherOrdersUsd/>
          <netPmtPaidRecvOtherOrdersCph/>
          <materialAspects/>
        </rVenue>
        <rVenue>
          <name>NYSE Arca, Inc.</name>
          <mic>PCXX</mic>
          <orderPct/>
          <marketPct/>
          <marketableLimitPct/>
          <nonMarketableLimitPct/>
          <otherPct/>
          <netPmtPaidRecvMarketOrdersUsd/>
          <netPmtPaidRecvMarketOrdersCph/>
          <netPmtPaidRecvMarketableLimitOrdersUsd/>
          <netPmtPaidRecvMarketableLimitOrdersCph/>
          <netPmtPaidRecvNonMarketableLimitOrdersUsd/>
          <netPmtPaidRecvNonMarketableLimitOrdersCph/>
          <netPmtPaidRecvOtherOrdersUsd/>
          <netPmtPaidRecvOtherOrdersCph/>
          <materialAspects/>
        </rVenue>
        <rVenue>
          <name>International Securities Exch</name>
          <mic>ISEE</mic>
          <orderPct/>
          <marketPct/>
          <marketableLimitPct/>
          <nonMarketableLimitPct/>
          <otherPct/>
          <netPmtPaidRecvMarketOrdersUsd/>
          <netPmtPaidRecvMarketOrdersCph/>
          <netPmtPaidRecvMarketableLimitOrdersUsd/>
          <netPmtPaidRecvMarketableLimitOrdersCph/>
          <netPmtPaidRecvNonMarketableLimitOrdersUsd/>
          <netPmtPaidRecvNonMarketableLimitOrdersCph/>
          <netPmtPaidRecvOtherOrdersUsd/>
          <netPmtPaidRecvOtherOrdersCph/>
          <materialAspects/>
        </rVenue>
        <rVenue>
          <name>Nasdaq Options Market LLC.</name>
          <mic>NOMM</mic>
          <orderPct/>
          <marketPct/>
          <marketableLimitPct/>
          <nonMarketableLimitPct/>
          <otherPct/>
          <netPmtPaidRecvMarketOrdersUsd/>
          <netPmtPaidRecvMarketOrdersCph/>
          <netPmtPaidRecvMarketableLimitOrdersUsd/>
          <netPmtPaidRecvMarketableLimitOrdersCph/>
          <netPmtPaidRecvNonMarketableLimitOrdersUsd/>
          <netPmtPaidRecvNonMarketableLimitOrdersCph/>
          <netPmtPaidRecvOtherOrdersUsd/>
          <netPmtPaidRecvOtherOrdersCph/>
          <materialAspects/>
        </rVenue>
        <rVenue>
          <name>Chicago Board Options Exchange</name>
          <mic>CBOE</mic>
          <orderPct/>
          <marketPct/>
          <marketableLimitPct/>
          <nonMarketableLimitPct/>
          <otherPct/>
          <netPmtPaidRecvMarketOrdersUsd/>
          <netPmtPaidRecvMarketOrdersCph/>
          <netPmtPaidRecvMarketableLimitOrdersUsd/>
          <netPmtPaidRecvMarketableLimitOrdersCph/>
          <netPmtPaidRecvNonMarketableLimitOrdersUsd/>
          <netPmtPaidRecvNonMarketableLimitOrdersCph/>
          <netPmtPaidRecvOtherOrdersUsd/>
          <netPmtPaidRecvOtherOrdersCph/>
          <materialAspects/>
        </rVenue>
        <rVenue>
          <name>NYSE MKT, LLC</name>
          <mic>AMEX</mic>
          <orderPct/>
          <marketPct/>
          <marketableLimitPct/>
          <nonMarketableLimitPct/>
          <otherPct/>
          <netPmtPaidRecvMarketOrdersUsd/>
          <netPmtPaidRecvMarketOrdersCph/>
          <netPmtPaidRecvMarketableLimitOrdersUsd/>
          <netPmtPaidRecvMarketableLimitOrdersCph/>
          <netPmtPaidRecvNonMarketableLimitOrdersUsd/>
          <netPmtPaidRecvNonMarketableLimitOrdersCph/>
          <netPmtPaidRecvOtherOrdersUsd/>
          <netPmtPaidRecvOtherOrdersCph/>
          <materialAspects/>
        </rVenue>
        <rVenue>
          <name>Nasdaq OMX PHLX,Inc</name>
          <mic>PHLX</mic>
          <orderPct/>
          <marketPct/>
          <marketableLimitPct/>
          <nonMarketableLimitPct/>
          <otherPct/>
          <netPmtPaidRecvMarketOrdersUsd/>
          <netPmtPaidRecvMarketOrdersCph/>
          <netPmtPaidRecvMarketableLimitOrdersUsd/>
          <netPmtPaidRecvMarketableLimitOrdersCph/>
          <netPmtPaidRecvNonMarketableLimitOrdersUsd/>
          <netPmtPaidRecvNonMarketableLimitOrdersCph/>
          <netPmtPaidRecvOtherOrdersUsd/>
          <netPmtPaidRecvOtherOrdersCph/>
          <materialAspects/>
        </rVenue>
        <rVenue>
          <name>C2 Options Exchange</name>
          <mic>COPT</mic>
          <orderPct/>
          <marketPct/>
          <marketableLimitPct/>
          <nonMarketableLimitPct/>
          <otherPct/>
          <netPmtPaidRecvMarketOrdersUsd/>
          <netPmtPaidRecvMarketOrdersCph/>
          <netPmtPaidRecvMarketableLimitOrdersUsd/>
          <netPmtPaidRecvMarketableLimitOrdersCph/>
          <netPmtPaidRecvNonMarketableLimitOrdersUsd/>
          <netPmtPaidRecvNonMarketableLimitOrdersCph/>
          <netPmtPaidRecvOtherOrdersUsd/>
          <netPmtPaidRecvOtherOrdersCph/>
          <materialAspects/>
        </rVenue>
        <rVenue>
          <name>Boston Options Exchange Group</name>
          <mic>BOXX</mic>
          <orderPct/>
          <marketPct/>
          <marketableLimitPct/>
          <nonMarketableLimitPct/>
          <otherPct/>
          <netPmtPaidRecvMarketOrdersUsd/>
          <netPmtPaidRecvMarketOrdersCph/>
          <netPmtPaidRecvMarketableLimitOrdersUsd/>
          <netPmtPaidRecvMarketableLimitOrdersCph/>
          <netPmtPaidRecvNonMarketableLimitOrdersUsd/>
          <netPmtPaidRecvNonMarketableLimitOrdersCph/>
          <netPmtPaidRecvOtherOrdersUsd/>
          <netPmtPaidRecvOtherOrdersCph/>
          <materialAspects/>
        </rVenue>
      </rVenues>
    </rOptions>
  </rMonthly>
  <rMonthly>
    <year>2020</year>
    <mon>3</mon>
    <rSP500>
      <ndoPct/>
      <ndoMarketPct/>
      <ndoMarketableLimitPct/>
      <ndoNonmarketableLimitPct/>
      <ndoOtherPct/>
      <rVenues>
        <rVenue>
          <name>New York Stock Exchange LLC.</name>
          <mic>NYSE</mic>
          <orderPct/>
          <marketPct/>
          <marketableLimitPct/>
          <nonMarketableLimitPct/>
          <otherPct/>
          <netPmtPaidRecvMarketOrdersUsd/>
          <netPmtPaidRecvMarketOrdersCph/>
          <netPmtPaidRecvMarketableLimitOrdersUsd/>
          <netPmtPaidRecvMarketableLimitOrdersCph/>
          <netPmtPaidRecvNonMarketableLimitOrdersUsd/>
          <netPmtPaidRecvNonMarketableLimitOrdersCph/>
          <netPmtPaidRecvOtherOrdersUsd/>
          <netPmtPaidRecvOtherOrdersCph/>
          <materialAspects/>
        </rVenue>
        <rVenue>
          <name>NYSE Arca, Inc.</name>
          <mic>ARCA</mic>
          <orderPct/>
          <marketPct/>
          <marketableLimitPct/>
          <nonMarketableLimitPct/>
          <otherPct/>
          <netPmtPaidRecvMarketOrdersUsd/>
          <netPmtPaidRecvMarketOrdersCph/>
          <netPmtPaidRecvMarketableLimitOrdersUsd/>
          <netPmtPaidRecvMarketableLimitOrdersCph/>
          <netPmtPaidRecvNonMarketableLimitOrdersUsd/>
          <netPmtPaidRecvNonMarketableLimitOrdersCph/>
          <netPmtPaidRecvOtherOrdersUsd/>
          <netPmtPaidRecvOtherOrdersCph/>
          <materialAspects/>
        </rVenue>
        <rVenue>
          <name>BATS Exchange, Inc.</name>
          <mic>BATS</mic>
          <orderPct/>
          <marketPct/>
          <marketableLimitPct/>
          <nonMarketableLimitPct/>
          <otherPct/>
          <netPmtPaidRecvMarketOrdersUsd/>
          <netPmtPaidRecvMarketOrdersCph/>
          <netPmtPaidRecvMarketableLimitOrdersUsd/>
          <netPmtPaidRecvMarketableLimitOrdersCph/>
          <netPmtPaidRecvNonMarketableLimitOrdersUsd/>
          <netPmtPaidRecvNonMarketableLimitOrdersCph/>
          <netPmtPaidRecvOtherOrdersUsd/>
          <netPmtPaidRecvOtherOrdersCph/>
          <materialAspects/>
        </rVenue>
        <rVenue>
          <name>EDGX Exchange, Inc.</name>
          <mic>EDGX</mic>
          <orderPct/>
          <marketPct/>
          <marketableLimitPct/>
          <nonMarketableLimitPct/>
          <otherPct/>
          <netPmtPaidRecvMarketOrdersUsd/>
          <netPmtPaidRecvMarketOrdersCph/>
          <netPmtPaidRecvMarketableLimitOrdersUsd/>
          <netPmtPaidRecvMarketableLimitOrdersCph/>
          <netPmtPaidRecvNonMarketableLimitOrdersUsd/>
          <netPmtPaidRecvNonMarketableLimitOrdersCph/>
          <netPmtPaidRecvOtherOrdersUsd/>
          <netPmtPaidRecvOtherOrdersCph/>
          <materialAspects/>
        </rVenue>
        <rVenue>
          <name>The Nasdaq Stock Market LLC.</name>
          <mic>XNAS</mic>
          <orderPct/>
          <marketPct/>
          <marketableLimitPct/>
          <nonMarketableLimitPct/>
          <otherPct/>
          <netPmtPaidRecvMarketOrdersUsd/>
          <netPmtPaidRecvMarketOrdersCph/>
          <netPmtPaidRecvMarketableLimitOrdersUsd/>
          <netPmtPaidRecvMarketableLimitOrdersCph/>
          <netPmtPaidRecvNonMarketableLimitOrdersUsd/>
          <netPmtPaidRecvNonMarketableLimitOrdersCph/>
          <netPmtPaidRecvOtherOrdersUsd/>
          <netPmtPaidRecvOtherOrdersCph/>
          <materialAspects/>
        </rVenue>
        <rVenue>
          <name>B. Roker Exec and Clrng</name>
          <mic>180T</mic>
          <orderPct/>
          <marketPct/>
          <marketableLimitPct/>
          <nonMarketableLimitPct/>
          <otherPct/>
          <netPmtPaidRecvMarketOrdersUsd/>
          <netPmtPaidRecvMarketOrdersCph/>
          <netPmtPaidRecvMarketableLimitOrdersUsd/>
          <netPmtPaidRecvMarketableLimitOrdersCph/>
          <netPmtPaidRecvNonMarketableLimitOrdersUsd/>
          <netPmtPaidRecvNonMarketableLimitOrdersCph/>
          <netPmtPaidRecvOtherOrdersUsd/>
          <netPmtPaidRecvOtherOrdersCph/>
          <materialAspects/>
        </rVenue>
        <rVenue>
          <name>EDGA Exchange,Inc.</name>
          <mic>EDGA</mic>
          <orderPct/>
          <marketPct/>
          <marketableLimitPct/>
          <nonMarketableLimitPct/>
          <otherPct/>
          <netPmtPaidRecvMarketOrdersUsd/>
          <netPmtPaidRecvMarketOrdersCph/>
          <netPmtPaidRecvMarketableLimitOrdersUsd/>
          <netPmtPaidRecvMarketableLimitOrdersCph/>
          <netPmtPaidRecvNonMarketableLimitOrdersUsd/>
          <netPmtPaidRecvNonMarketableLimitOrdersCph/>
          <netPmtPaidRecvOtherOrdersUsd/>
          <netPmtPaidRecvOtherOrdersCph/>
          <materialAspects/>
        </rVenue>
        <rVenue>
          <name>BATS Exchange Y, Inc.</name>
          <mic>BATY</mic>
          <orderPct/>
          <marketPct/>
          <marketableLimitPct/>
          <nonMarketableLimitPct/>
          <otherPct/>
          <netPmtPaidRecvMarketOrdersUsd/>
          <netPmtPaidRecvMarketOrdersCph/>
          <netPmtPaidRecvMarketableLimitOrdersUsd/>
          <netPmtPaidRecvMarketableLimitOrdersCph/>
          <netPmtPaidRecvNonMarketableLimitOrdersUsd/>
          <netPmtPaidRecvNonMarketableLimitOrdersCph/>
          <netPmtPaidRecvOtherOrdersUsd/>
          <netPmtPaidRecvOtherOrdersCph/>
          <materialAspects/>
        </rVenue>
        <rVenue>
          <name>NASDAQ OMX BX.</name>
          <mic>BOSE</mic>
          <orderPct/>
          <marketPct/>
          <marketableLimitPct/>
          <nonMarketableLimitPct/>
          <otherPct/>
          <netPmtPaidRecvMarketOrdersUsd/>
          <netPmtPaidRecvMarketOrdersCph/>
          <netPmtPaidRecvMarketableLimitOrdersUsd/>
          <netPmtPaidRecvMarketableLimitOrdersCph/>
          <netPmtPaidRecvNonMarketableLimitOrdersUsd/>
          <netPmtPaidRecvNonMarketableLimitOrdersCph/>
          <netPmtPaidRecvOtherOrdersUsd/>
          <netPmtPaidRecvOtherOrdersCph/>
          <materialAspects/>
        </rVenue>
      </rVenues>
    </rSP500>
    <rOtherStocks>
      <ndoPct/>
      <ndoMarketPct/>
      <ndoMarketableLimitPct/>
      <ndoNonmarketableLimitPct/>
      <ndoOtherPct/>
      <rVenues>
        <rVenue>
          <name>New York Stock Exchange LLC.</name>
          <mic>NYSE</mic>
          <orderPct/>
          <marketPct/>
          <marketableLimitPct/>
          <nonMarketableLimitPct/>
          <otherPct/>
          <netPmtPaidRecvMarketOrdersUsd/>
          <netPmtPaidRecvMarketOrdersCph/>
          <netPmtPaidRecvMarketableLimitOrdersUsd/>
          <netPmtPaidRecvMarketableLimitOrdersCph/>
          <netPmtPaidRecvNonMarketableLimitOrdersUsd/>
          <netPmtPaidRecvNonMarketableLimitOrdersCph/>
          <netPmtPaidRecvOtherOrdersUsd/>
          <netPmtPaidRecvOtherOrdersCph/>
          <materialAspects/>
        </rVenue>
        <rVenue>
          <name>NYSE Arca, Inc.</name>
          <mic>ARCA</mic>
          <orderPct/>
          <marketPct/>
          <marketableLimitPct/>
          <nonMarketableLimitPct/>
          <otherPct/>
          <netPmtPaidRecvMarketOrdersUsd/>
          <netPmtPaidRecvMarketOrdersCph/>
          <netPmtPaidRecvMarketableLimitOrdersUsd/>
          <netPmtPaidRecvMarketableLimitOrdersCph/>
          <netPmtPaidRecvNonMarketableLimitOrdersUsd/>
          <netPmtPaidRecvNonMarketableLimitOrdersCph/>
          <netPmtPaidRecvOtherOrdersUsd/>
          <netPmtPaidRecvOtherOrdersCph/>
          <materialAspects/>
        </rVenue>
        <rVenue>
          <name>BATS Exchange, Inc.</name>
          <mic>BATS</mic>
          <orderPct/>
          <marketPct/>
          <marketableLimitPct/>
          <nonMarketableLimitPct/>
          <otherPct/>
          <netPmtPaidRecvMarketOrdersUsd/>
          <netPmtPaidRecvMarketOrdersCph/>
          <netPmtPaidRecvMarketableLimitOrdersUsd/>
          <netPmtPaidRecvMarketableLimitOrdersCph/>
          <netPmtPaidRecvNonMarketableLimitOrdersUsd/>
          <netPmtPaidRecvNonMarketableLimitOrdersCph/>
          <netPmtPaidRecvOtherOrdersUsd/>
          <netPmtPaidRecvOtherOrdersCph/>
          <materialAspects/>
        </rVenue>
        <rVenue>
          <name>BROKE Consolidator, Inc.</name>
          <mpid>BROKE</mpid>
          <orderPct/>
          <marketPct/>
          <marketableLimitPct/>
          <nonMarketableLimitPct/>
          <otherPct/>
          <netPmtPaidRecvMarketOrdersUsd/>
          <netPmtPaidRecvMarketOrdersCph/>
          <netPmtPaidRecvMarketableLimitOrdersUsd/>
          <netPmtPaidRecvMarketableLimitOrdersCph/>
          <netPmtPaidRecvNonMarketableLimitOrdersUsd/>
          <netPmtPaidRecvNonMarketableLimitOrdersCph/>
          <netPmtPaidRecvOtherOrdersUsd/>
          <netPmtPaidRecvOtherOrdersCph/>
          <materialAspects/>
        </rVenue>
        <rVenue>
          <name>EDGX Exchange, Inc.</name>
          <mic>EDGX</mic>
          <orderPct/>
          <marketPct/>
          <marketableLimitPct/>
          <nonMarketableLimitPct/>
          <otherPct/>
          <netPmtPaidRecvMarketOrdersUsd/>
          <netPmtPaidRecvMarketOrdersCph/>
          <netPmtPaidRecvMarketableLimitOrdersUsd/>
          <netPmtPaidRecvMarketableLimitOrdersCph/>
          <netPmtPaidRecvNonMarketableLimitOrdersUsd/>
          <netPmtPaidRecvNonMarketableLimitOrdersCph/>
          <netPmtPaidRecvOtherOrdersUsd/>
          <netPmtPaidRecvOtherOrdersCph/>
          <materialAspects/>
        </rVenue>
        <rVenue>
          <name>The Nasdaq Stock Market LLC.</name>
          <mic>XNAS</mic>
          <orderPct/>
          <marketPct/>
          <marketableLimitPct/>
          <nonMarketableLimitPct/>
          <otherPct/>
          <netPmtPaidRecvMarketOrdersUsd/>
          <netPmtPaidRecvMarketOrdersCph/>
          <netPmtPaidRecvMarketableLimitOrdersUsd/>
          <netPmtPaidRecvMarketableLimitOrdersCph/>
          <netPmtPaidRecvNonMarketableLimitOrdersUsd/>
          <netPmtPaidRecvNonMarketableLimitOrdersCph/>
          <netPmtPaidRecvOtherOrdersUsd/>
          <netPmtPaidRecvOtherOrdersCph/>
          <materialAspects/>
        </rVenue>
        <rVenue>
          <name>B. Roker Exec and Clrng</name>
          <mic>180T</mic>
          <orderPct/>
          <marketPct/>
          <marketableLimitPct/>
          <nonMarketableLimitPct/>
          <otherPct/>
          <netPmtPaidRecvMarketOrdersUsd/>
          <netPmtPaidRecvMarketOrdersCph/>
          <netPmtPaidRecvMarketableLimitOrdersUsd/>
          <netPmtPaidRecvMarketableLimitOrdersCph/>
          <netPmtPaidRecvNonMarketableLimitOrdersUsd/>
          <netPmtPaidRecvNonMarketableLimitOrdersCph/>
          <netPmtPaidRecvOtherOrdersUsd/>
          <netPmtPaidRecvOtherOrdersCph/>
          <materialAspects/>
        </rVenue>
        <rVenue>
          <name>EDGA Exchange,Inc.</name>
          <mic>EDGA</mic>
          <orderPct/>
          <marketPct/>
          <marketableLimitPct/>
          <nonMarketableLimitPct/>
          <otherPct/>
          <netPmtPaidRecvMarketOrdersUsd/>
          <netPmtPaidRecvMarketOrdersCph/>
          <netPmtPaidRecvMarketableLimitOrdersUsd/>
          <netPmtPaidRecvMarketableLimitOrdersCph/>
          <netPmtPaidRecvNonMarketableLimitOrdersUsd/>
          <netPmtPaidRecvNonMarketableLimitOrdersCph/>
          <netPmtPaidRecvOtherOrdersUsd/>
          <netPmtPaidRecvOtherOrdersCph/>
          <materialAspects/>
        </rVenue>
        <rVenue>
          <name>NASDAQ OMX BX.</name>
          <mic>BOSE</mic>
          <orderPct/>
          <marketPct/>
          <marketableLimitPct/>
          <nonMarketableLimitPct/>
          <otherPct/>
          <netPmtPaidRecvMarketOrdersUsd/>
          <netPmtPaidRecvMarketOrdersCph/>
          <netPmtPaidRecvMarketableLimitOrdersUsd/>
          <netPmtPaidRecvMarketableLimitOrdersCph/>
          <netPmtPaidRecvNonMarketableLimitOrdersUsd/>
          <netPmtPaidRecvNonMarketableLimitOrdersCph/>
          <netPmtPaidRecvOtherOrdersUsd/>
          <netPmtPaidRecvOtherOrdersCph/>
          <materialAspects/>
        </rVenue>
      </rVenues>
    </rOtherStocks>
    <rOptions>
      <ndoPct/>
      <ndoMarketPct/>
      <ndoMarketableLimitPct/>
      <ndoNonmarketableLimitPct/>
      <ndoOtherPct/>
      <rVenues>
        <rVenue>
          <name>BATS Options Exchange.</name>
          <mic>BATO</mic>
          <orderPct/>
          <marketPct/>
          <marketableLimitPct/>
          <nonMarketableLimitPct/>
          <otherPct/>
          <netPmtPaidRecvMarketOrdersUsd/>
          <netPmtPaidRecvMarketOrdersCph/>
          <netPmtPaidRecvMarketableLimitOrdersUsd/>
          <netPmtPaidRecvMarketableLimitOrdersCph/>
          <netPmtPaidRecvNonMarketableLimitOrdersUsd/>
          <netPmtPaidRecvNonMarketableLimitOrdersCph/>
          <netPmtPaidRecvOtherOrdersUsd/>
          <netPmtPaidRecvOtherOrdersCph/>
          <materialAspects/>
        </rVenue>
        <rVenue>
          <name>NYSE Arca, Inc.</name>
          <mic>PCXX</mic>
          <orderPct/>
          <marketPct/>
          <marketableLimitPct/>
          <nonMarketableLimitPct/>
          <otherPct/>
          <netPmtPaidRecvMarketOrdersUsd/>
          <netPmtPaidRecvMarketOrdersCph/>
          <netPmtPaidRecvMarketableLimitOrdersUsd/>
          <netPmtPaidRecvMarketableLimitOrdersCph/>
          <netPmtPaidRecvNonMarketableLimitOrdersUsd/>
          <netPmtPaidRecvNonMarketableLimitOrdersCph/>
          <netPmtPaidRecvOtherOrdersUsd/>
          <netPmtPaidRecvOtherOrdersCph/>
          <materialAspects/>
        </rVenue>
        <rVenue>
          <name>International Securities Exch</name>
          <mic>ISEE</mic>
          <orderPct/>
          <marketPct/>
          <marketableLimitPct/>
          <nonMarketableLimitPct/>
          <otherPct/>
          <netPmtPaidRecvMarketOrdersUsd/>
          <netPmtPaidRecvMarketOrdersCph/>
          <netPmtPaidRecvMarketableLimitOrdersUsd/>
          <netPmtPaidRecvMarketableLimitOrdersCph/>
          <netPmtPaidRecvNonMarketableLimitOrdersUsd/>
          <netPmtPaidRecvNonMarketableLimitOrdersCph/>
          <netPmtPaidRecvOtherOrdersUsd/>
          <netPmtPaidRecvOtherOrdersCph/>
          <materialAspects/>
        </rVenue>
        <rVenue>
          <name>Nasdaq Options Market LLC.</name>
          <mic>NOMM</mic>
          <orderPct/>
          <marketPct/>
          <marketableLimitPct/>
          <nonMarketableLimitPct/>
          <otherPct/>
          <netPmtPaidRecvMarketOrdersUsd/>
          <netPmtPaidRecvMarketOrdersCph/>
          <netPmtPaidRecvMarketableLimitOrdersUsd/>
          <netPmtPaidRecvMarketableLimitOrdersCph/>
          <netPmtPaidRecvNonMarketableLimitOrdersUsd/>
          <netPmtPaidRecvNonMarketableLimitOrdersCph/>
          <netPmtPaidRecvOtherOrdersUsd/>
          <netPmtPaidRecvOtherOrdersCph/>
          <materialAspects/>
        </rVenue>
        <rVenue>
          <name>Chicago Board Options Exchange</name>
          <mic>CBOE</mic>
          <orderPct/>
          <marketPct/>
          <marketableLimitPct/>
          <nonMarketableLimitPct/>
          <otherPct/>
          <netPmtPaidRecvMarketOrdersUsd/>
          <netPmtPaidRecvMarketOrdersCph/>
          <netPmtPaidRecvMarketableLimitOrdersUsd/>
          <netPmtPaidRecvMarketableLimitOrdersCph/>
          <netPmtPaidRecvNonMarketableLimitOrdersUsd/>
          <netPmtPaidRecvNonMarketableLimitOrdersCph/>
          <netPmtPaidRecvOtherOrdersUsd/>
          <netPmtPaidRecvOtherOrdersCph/>
          <materialAspects/>
        </rVenue>
        <rVenue>
          <name>NYSE MKT, LLC</name>
          <mic>AMEX</mic>
          <orderPct/>
          <marketPct/>
          <marketableLimitPct/>
          <nonMarketableLimitPct/>
          <otherPct/>
          <netPmtPaidRecvMarketOrdersUsd/>
          <netPmtPaidRecvMarketOrdersCph/>
          <netPmtPaidRecvMarketableLimitOrdersUsd/>
          <netPmtPaidRecvMarketableLimitOrdersCph/>
          <netPmtPaidRecvNonMarketableLimitOrdersUsd/>
          <netPmtPaidRecvNonMarketableLimitOrdersCph/>
          <netPmtPaidRecvOtherOrdersUsd/>
          <netPmtPaidRecvOtherOrdersCph/>
          <materialAspects/>
        </rVenue>
        <rVenue>
          <name>Nasdaq OMX PHLX,Inc</name>
          <mic>PHLX</mic>
          <orderPct/>
          <marketPct/>
          <marketableLimitPct/>
          <nonMarketableLimitPct/>
          <otherPct/>
          <netPmtPaidRecvMarketOrdersUsd/>
          <netPmtPaidRecvMarketOrdersCph/>
          <netPmtPaidRecvMarketableLimitOrdersUsd/>
          <netPmtPaidRecvMarketableLimitOrdersCph/>
          <netPmtPaidRecvNonMarketableLimitOrdersUsd/>
          <netPmtPaidRecvNonMarketableLimitOrdersCph/>
          <netPmtPaidRecvOtherOrdersUsd/>
          <netPmtPaidRecvOtherOrdersCph/>
          <materialAspects/>
        </rVenue>
        <rVenue>
          <name>C2 Options Exchange</name>
          <mic>COPT</mic>
          <orderPct/>
          <marketPct/>
          <marketableLimitPct/>
          <nonMarketableLimitPct/>
          <otherPct/>
          <netPmtPaidRecvMarketOrdersUsd/>
          <netPmtPaidRecvMarketOrdersCph/>
          <netPmtPaidRecvMarketableLimitOrdersUsd/>
          <netPmtPaidRecvMarketableLimitOrdersCph/>
          <netPmtPaidRecvNonMarketableLimitOrdersUsd/>
          <netPmtPaidRecvNonMarketableLimitOrdersCph/>
          <netPmtPaidRecvOtherOrdersUsd/>
          <netPmtPaidRecvOtherOrdersCph/>
          <materialAspects/>
        </rVenue>
        <rVenue>
          <name>Boston Options Exchange Group</name>
          <mic>BOXX</mic>
          <orderPct/>
          <marketPct/>
          <marketableLimitPct/>
          <nonMarketableLimitPct/>
          <otherPct/>
          <netPmtPaidRecvMarketOrdersUsd/>
          <netPmtPaidRecvMarketOrdersCph/>
          <netPmtPaidRecvMarketableLimitOrdersUsd/>
          <netPmtPaidRecvMarketableLimitOrdersCph/>
          <netPmtPaidRecvNonMarketableLimitOrdersUsd/>
          <netPmtPaidRecvNonMarketableLimitOrdersCph/>
          <netPmtPaidRecvOtherOrdersUsd/>
          <netPmtPaidRecvOtherOrdersCph/>
          <materialAspects/>
        </rVenue>
      </rVenues>
    </rOptions>
  </rMonthly>
</heldOrderRoutingPublicReport>
